{
    "in_vehicle": {
        "wheel_speed_mps": 6.6005416667,
        "yaw_rate_dps": 0.3300000000,
        "acceleration_x_mps2": 0.0400000000,
        "acceleration_y_mps2": -0.2500000000,
        "turn_signal": 0,
        "steering_angle_deg": 3.5000000000,
        "gear": 3
    },
    "scc_radar": {
        "object_count": 18,
        "objects_info": [
            {
                "id": 3,
                "status": 4,
                "lateral_rate_mps": -0.2500000000,
                "angle_deg": -2.8000000000,
                "range_m": 30.7000000000,
                "acceleration_mps2": 0.3000000000,
                "speed_mps": 1.3800000000,
                "width_m": 0.0000000000,
                "pos_x_m": 30.6633484164,
                "pos_y_m": 1.4996879327,
                "relative_speed_x_mps": 1.4143259432,
                "relative_speed_y_mps": -0.2500000000,
                "absolute_speed_x_mps": 1.4056883608,
                "absolute_speed_y_mps": -0.0621260402,
                "on_coming": false
            },
            {
                "id": 6,
                "status": 3,
                "lateral_rate_mps": -0.7500000000,
                "angle_deg": -24.7000000000,
                "range_m": 19.2000000000,
                "acceleration_mps2": 0.5000000000,
                "speed_mps": -2.6500000000,
                "width_m": 1.0000000000,
                "pos_x_m": 17.4433570085,
                "pos_y_m": 8.0230478170,
                "relative_speed_x_mps": -3.4299479121,
                "relative_speed_y_mps": -0.7500000000,
                "absolute_speed_x_mps": -3.4761573503,
                "absolute_speed_y_mps": -0.6382677247,
                "on_coming": false
            },
            {
                "id": 7,
                "status": 3,
                "lateral_rate_mps": 0.2500000000,
                "angle_deg": 3.9000000000,
                "range_m": 30.2000000000,
                "acceleration_mps2": 0.2000000000,
                "speed_mps": 7.1600000000,
                "width_m": 0.0000000000,
                "pos_x_m": 30.1300652208,
                "pos_y_m": -2.0540617781,
                "relative_speed_x_mps": 7.1683000105,
                "relative_speed_y_mps": 0.2500000000,
                "absolute_speed_x_mps": 7.1801305571,
                "absolute_speed_y_mps": 0.4348024691,
                "on_coming": false
            },
            {
                "id": 9,
                "status": 3,
                "lateral_rate_mps": 1.5000000000,
                "angle_deg": -7.7000000000,
                "range_m": 89.2000000000,
                "acceleration_mps2": 0.2000000000,
                "speed_mps": 6.8800000000,
                "width_m": 0.0000000000,
                "pos_x_m": 88.3957014146,
                "pos_y_m": 11.9515677393,
                "relative_speed_x_mps": 7.4536471217,
                "relative_speed_y_mps": 1.5000000000,
                "absolute_speed_x_mps": 7.3848110331,
                "absolute_speed_y_mps": 2.0203884426,
                "on_coming": false
            },
            {
                "id": 12,
                "status": 3,
                "lateral_rate_mps": -0.5000000000,
                "angle_deg": 11.9000000000,
                "range_m": 40.0000000000,
                "acceleration_mps2": 0.0000000000,
                "speed_mps": -6.4500000000,
                "width_m": 0.0000000000,
                "pos_x_m": 39.1403594041,
                "pos_y_m": -8.2481674159,
                "relative_speed_x_mps": -6.5247239349,
                "relative_speed_y_mps": -0.5000000000,
                "absolute_speed_x_mps": -6.4772179009,
                "absolute_speed_y_mps": -0.2633019619,
                "on_coming": false
            },
            {
                "id": 13,
                "status": 3,
                "lateral_rate_mps": 0.2500000000,
                "angle_deg": -2.8000000000,
                "range_m": 9.8000000000,
                "acceleration_mps2": 0.8000000000,
                "speed_mps": 0.3200000000,
                "width_m": 0.5000000000,
                "pos_x_m": 9.7883001459,
                "pos_y_m": 0.4787277440,
                "relative_speed_x_mps": 0.4854164203,
                "relative_speed_y_mps": 0.2500000000,
                "absolute_speed_x_mps": 0.4826591465,
                "absolute_speed_y_mps": 0.3176423129,
                "on_coming": false
            },
            {
                "id": 16,
                "status": 4,
                "lateral_rate_mps": -0.5000000000,
                "angle_deg": 34.0000000000,
                "range_m": 18.7000000000,
                "acceleration_mps2": 0.6500000000,
                "speed_mps": -5.5000000000,
                "width_m": 2.5000000000,
                "pos_x_m": 15.5030026068,
                "pos_y_m": -10.4569072949,
                "relative_speed_x_mps": -6.3365218781,
                "relative_speed_y_mps": -0.5000000000,
                "absolute_speed_x_mps": -6.2762944157,
                "absolute_speed_y_mps": -0.3994433637,
                "on_coming": false
            },
            {
                "id": 17,
                "status": 3,
                "lateral_rate_mps": 1.0000000000,
                "angle_deg": -6.5000000000,
                "range_m": 63.2000000000,
                "acceleration_mps2": 1.0500000000,
                "speed_mps": 4.9000000000,
                "width_m": 0.0000000000,
                "pos_x_m": 62.7937412788,
                "pos_y_m": 7.1544431101,
                "relative_speed_x_mps": 5.2400816547,
                "relative_speed_y_mps": 1.0000000000,
                "absolute_speed_x_mps": 5.1988750206,
                "absolute_speed_y_mps": 1.3729317378,
                "on_coming": false
            },
            {
                "id": 18,
                "status": 4,
                "lateral_rate_mps": -2.0000000000,
                "angle_deg": -19.1000000000,
                "range_m": 43.8000000000,
                "acceleration_mps2": 0.0500000000,
                "speed_mps": -6.4500000000,
                "width_m": 0.0000000000,
                "pos_x_m": 41.3887623525,
                "pos_y_m": 14.3321439753,
                "relative_speed_x_mps": -8.0327613466,
                "relative_speed_y_mps": -2.0000000000,
                "absolute_speed_x_mps": -8.1153085700,
                "absolute_speed_y_mps": -1.7503520905,
                "on_coming": false
            },
            {
                "id": 29,
                "status": 3,
                "lateral_rate_mps": -1.2500000000,
                "angle_deg": 21.1000000000,
                "range_m": 27.1000000000,
                "acceleration_mps2": 0.5000000000,
                "speed_mps": -6.0900000000,
                "width_m": 1.5000000000,
                "pos_x_m": 25.2830407938,
                "pos_y_m": -9.7559135001,
                "relative_speed_x_mps": -6.2984848254,
                "relative_speed_y_mps": -1.2500000000,
                "absolute_speed_x_mps": -6.2422947974,
                "absolute_speed_y_mps": -1.0931143875,
                "on_coming": false
            },
            {
                "id": 35,
                "status": 3,
                "lateral_rate_mps": -0.0000000000,
                "angle_deg": 9.4000000000,
                "range_m": 46.0000000000,
                "acceleration_mps2": 0.1000000000,
                "speed_mps": -6.4900000000,
                "width_m": 0.5000000000,
                "pos_x_m": 45.3823194339,
                "pos_y_m": -7.5129942631,
                "relative_speed_x_mps": -6.5783327896,
                "relative_speed_y_mps": -0.0000000000,
                "absolute_speed_x_mps": -6.5350610490,
                "absolute_speed_y_mps": 0.2726491470,