{
    "in_vehicle": {
        "wheel_speed_mps": 2.4524305556,
        "yaw_rate_dps": 1.7100000000,
        "acceleration_x_mps2": 1.4000000000,
        "acceleration_y_mps2": 0.2600000000,
        "turn_signal": 0,
        "steering_angle_deg": 43.7000000000,
        "gear": 3
    },
    "scc_radar": {
        "object_count": 24,
        "objects_info": [
            {
                "id": 0,
                "status": 3,
                "lateral_rate_mps": 3.2500000000,
                "angle_deg": 6.8000000000,
                "range_m": 18.1000000000,
                "acceleration_mps2": 1.3000000000,
                "speed_mps": 10.3000000000,
                "width_m": 2.5000000000,
                "pos_x_m": 17.9726756967,
                "pos_y_m": -2.1431118263,
                "relative_speed_x_mps": 10.9924429869,
                "relative_speed_y_mps": 3.2500000000,
                "absolute_speed_x_mps": 11.0564044384,
                "absolute_speed_y_mps": 3.8447739211,
                "on_coming": false
            },
            {
                "id": 3,
                "status": 3,
                "lateral_rate_mps": 3.0000000000,
                "angle_deg": -14.2000000000,
                "range_m": 35.1000000000,
                "acceleration_mps2": -0.0500000000,
                "speed_mps": 4.2700000000,
                "width_m": 0.0000000000,
                "pos_x_m": 34.0275317813,
                "pos_y_m": 8.6102892443,
                "relative_speed_x_mps": 6.6830956830,
                "relative_speed_y_mps": 3.0000000000,
                "absolute_speed_x_mps": 6.4261204794,
                "absolute_speed_y_mps": 4.0739331914,
                "on_coming": false
            },
            {
                "id": 7,
                "status": 3,
                "lateral_rate_mps": 1.2500000000,
                "angle_deg": -4.8000000000,
                "range_m": 58.7000000000,
                "acceleration_mps2": 0.0500000000,
                "speed_mps": 8.8400000000,
                "width_m": 1.0000000000,
                "pos_x_m": 58.4941308379,
                "pos_y_m": 4.9118894036,
                "relative_speed_x_mps": 9.1484955251,
                "relative_speed_y_mps": 1.2500000000,
                "absolute_speed_x_mps": 9.0018995463,
                "absolute_speed_y_mps": 3.0541420260,
                "on_coming": false
            },
            {
                "id": 9,
                "status": 4,
                "lateral_rate_mps": 2.2500000000,
                "angle_deg": 2.4000000000,
                "range_m": 60.2000000000,
                "acceleration_mps2": -0.0500000000,
                "speed_mps": 8.4800000000,
                "width_m": 1.0000000000,
                "pos_x_m": 60.1471943720,
                "pos_y_m": -2.5209143545,
                "relative_speed_x_mps": 8.9760699905,
                "relative_speed_y_mps": 2.2500000000,
                "absolute_speed_x_mps": 9.0513070077,
                "absolute_speed_y_mps": 4.1034779224,
                "on_coming": false
            },
            {
                "id": 12,
                "status": 3,
                "lateral_rate_mps": -2.7500000000,
                "angle_deg": -7.4000000000,
                "range_m": 94.9000000000,
                "acceleration_mps2": -0.0500000000,
                "speed_mps": -2.2600000000,
                "width_m": 0.0000000000,
                "pos_x_m": 94.1095933102,
                "pos_y_m": 12.2227021152,
                "relative_speed_x_mps": -4.6983246683,
                "relative_speed_y_mps": -2.7500000000,
                "absolute_speed_x_mps": -5.0631128044,
                "absolute_speed_y_mps": 0.1170901410,
                "on_coming": false
            },
            {
                "id": 13,
                "status": 2,
                "lateral_rate_mps": -0.2500000000,
                "angle_deg": -8.6000000000,
                "range_m": 120.0000000000,
                "acceleration_mps2": -0.0500000000,
                "speed_mps": -2.2900000000,
                "width_m": 0.0000000000,
                "pos_x_m": 118.6507657256,
                "pos_y_m": 17.9442412132,
                "relative_speed_x_mps": -2.3802537791,
                "relative_speed_y_mps": -0.2500000000,
                "absolute_speed_x_mps": -2.9158019946,
                "absolute_speed_y_mps": 3.3495246272,
                "on_coming": false
            },
            {
                "id": 14,
                "status": 1,
                "lateral_rate_mps": -0.0000000000,
                "angle_deg": 8.9000000000,
                "range_m": 16.3000000000,
                "acceleration_mps2": 0.0000000000,
                "speed_mps": -67.3000000000,
                "width_m": 0.0000000000,
                "pos_x_m": 16.1037458120,
                "pos_y_m": -2.5217792967,
                "relative_speed_x_mps": -68.1201760636,
                "relative_speed_y_mps": -0.0000000000,
                "absolute_speed_x_mps": -68.0449132322,
                "absolute_speed_y_mps": 0.5389954653,
                "on_coming": false
            },
            {
                "id": 16,
                "status": 3,
                "lateral_rate_mps": 0.5000000000,
                "angle_deg": 1.6000000000,
                "range_m": 50.2000000000,
                "acceleration_mps2": -0.1000000000,
                "speed_mps": -2.2100000000,
                "width_m": 0.0000000000,
                "pos_x_m": 50.1804277750,
                "pos_y_m": -1.4016662639,
                "relative_speed_x_mps": -2.3344936766,
                "relative_speed_y_mps": 0.5000000000,
                "absolute_speed_x_mps": -2.2926607645,
                "absolute_speed_y_mps": 2.0560184756,
                "on_coming": false
            },
            {
                "id": 17,
                "status": 4,
                "lateral_rate_mps": 2.5000000000,
                "angle_deg": 1.3000000000,
                "range_m": 83.0000000000,
                "acceleration_mps2": 0.3000000000,
                "speed_mps": 13.5000000000,
                "width_m": 2.0000000000,
                "pos_x_m": 82.9786365738,
                "pos_y_m": -1.8830486865,
                "relative_speed_x_mps": 13.9037725135,
                "relative_speed_y_mps": 2.5000000000,
                "absolute_speed_x_mps": 13.9599723468,
                "absolute_speed_y_mps": 5.0348852878,
                "on_coming": false
            },
            {
                "id": 19,
                "status": 2,
                "lateral_rate_mps": -0.5000000000,
                "angle_deg": -16.1000000000,
                "range_m": 52.6000000000,
                "acceleration_mps2": -0.0500000000,
                "speed_mps": 1.9600000000,
                "width_m": 0.0000000000,
                "pos_x_m": 50.5369835087,
                "pos_y_m": 14.5867507637,
                "relative_speed_x_mps": 2.0232778742,
                "relative_speed_y_mps": -0.5000000000,
                "absolute_speed_x_mps": 1.5879343983,
                "absolute_speed_y_mps": 1.0666599279,
                "on_coming": false
            },
            {
                "id": 23,
                "status": 7,
                "lateral_rate_mps": -1.7500000000,
                "angle_deg": 3.8000000000,
                "range_m": 22.3000000000,
                "acceleration_mps2": 0.0500000000,
                "speed_mps": 10.7200000000,
                "width_m": 0.0000000000,
                "pos_x_m": 22.2509727429,
                "pos_y_m": -1.4779079789,
                "relative_speed_x_mps": 11.1382876581,
                "relative_speed_y_mps": -1.7500000000,
                "absolute_speed_x_mps": 11.1823960142,
                "absolute_speed_y_mps": -1.0275397465,