{
    "in_vehicle": {
        "wheel_speed_mps": 7.1435798611,
        "yaw_rate_dps": 0.5500000000,
        "acceleration_x_mps2": -0.7900000000,
        "acceleration_y_mps2": -0.0400000000,
        "turn_signal": 0,
        "steering_angle_deg": 4.7000000000,
        "gear": 3
    },
    "scc_radar": {
        "object_count": 25,
        "objects_info": [
            {
                "id": 0,
                "status": 3,
                "lateral_rate_mps": -4.2500000000,
                "angle_deg": 8.3000000000,
                "range_m": 117.7000000000,
                "acceleration_mps2": 0.3500000000,
                "speed_mps": -7.2300000000,
                "width_m": 0.0000000000,
                "pos_x_m": 116.4671853734,
                "pos_y_m": -16.9907248578,
                "relative_speed_x_mps": -8.9908052471,
                "relative_speed_y_mps": -4.2500000000,
                "absolute_speed_x_mps": -8.8277059970,
                "absolute_speed_y_mps": -3.1132190275,
                "on_coming": false
            },
            {
                "id": 2,
                "status": 4,
                "lateral_rate_mps": -1.7500000000,
                "angle_deg": -5.5000000000,
                "range_m": 116.2000000000,
                "acceleration_mps2": 0.7500000000,
                "speed_mps": -7.5400000000,
                "width_m": 0.0000000000,
                "pos_x_m": 115.6650382503,
                "pos_y_m": 11.1372764428,
                "relative_speed_x_mps": -8.1292631327,
                "relative_speed_y_mps": -1.7500000000,
                "absolute_speed_x_mps": -8.2361733117,
                "absolute_speed_y_mps": -0.6209190871,
                "on_coming": false
            },
            {
                "id": 3,
                "status": 3,
                "lateral_rate_mps": -0.0000000000,
                "angle_deg": -5.0000000000,
                "range_m": 29.1000000000,
                "acceleration_mps2": 1.6000000000,
                "speed_mps": -0.7600000000,
                "width_m": 0.0000000000,
                "pos_x_m": 28.9892657145,
                "pos_y_m": 2.5362321140,
                "relative_speed_x_mps": -0.7629030765,
                "relative_speed_y_mps": -0.0000000000,
                "absolute_speed_x_mps": -0.7872491571,
                "absolute_speed_y_mps": 0.2970532260,
                "on_coming": false
            },
            {
                "id": 6,
                "status": 3,
                "lateral_rate_mps": -0.5000000000,
                "angle_deg": -20.1000000000,
                "range_m": 27.4000000000,
                "acceleration_mps2": 2.7000000000,
                "speed_mps": -4.4800000000,
                "width_m": 0.5000000000,
                "pos_x_m": 25.7311825074,
                "pos_y_m": 9.4162756316,
                "relative_speed_x_mps": -5.0037427484,
                "relative_speed_y_mps": -0.5000000000,
                "absolute_speed_x_mps": -5.0941325056,
                "absolute_speed_y_mps": -0.2342221276,
                "on_coming": false
            },
            {
                "id": 7,
                "status": 3,
                "lateral_rate_mps": -0.2500000000,
                "angle_deg": 16.9000000000,
                "range_m": 12.4000000000,
                "acceleration_mps2": 1.1500000000,
                "speed_mps": 6.5200000000,
                "width_m": 3.0000000000,
                "pos_x_m": 11.8644884423,
                "pos_y_m": -3.6047072006,
                "relative_speed_x_mps": 6.8993051717,
                "relative_speed_y_mps": -0.2500000000,
                "absolute_speed_x_mps": 6.9339078767,
                "absolute_speed_y_mps": -0.1173328348,
                "on_coming": false
            },
            {
                "id": 8,
                "status": 4,
                "lateral_rate_mps": -0.2500000000,
                "angle_deg": 11.3000000000,
                "range_m": 41.9000000000,
                "acceleration_mps2": 0.3000000000,
                "speed_mps": -7.3000000000,
                "width_m": 0.5000000000,
                "pos_x_m": 41.0877541931,
                "pos_y_m": -8.2101434438,
                "relative_speed_x_mps": -7.4028031392,
                "relative_speed_y_mps": -0.2500000000,
                "absolute_speed_x_mps": -7.3239914199,
                "absolute_speed_y_mps": 0.1631903782,
                "on_coming": false
            },
            {
                "id": 9,
                "status": 3,
                "lateral_rate_mps": -0.2500000000,
                "angle_deg": -6.9000000000,
                "range_m": 74.1000000000,
                "acceleration_mps2": 1.6500000000,
                "speed_mps": 4.5700000000,
                "width_m": 0.0000000000,
                "pos_x_m": 73.5633190370,
                "pos_y_m": 8.9021397576,
                "relative_speed_x_mps": 4.5867336517,
                "relative_speed_y_mps": -0.2500000000,
                "absolute_speed_x_mps": 4.5012792446,
                "absolute_speed_y_mps": 0.4749334213,
                "on_coming": false
            },
            {
                "id": 11,
                "status": 4,
                "lateral_rate_mps": -1.0000000000,
                "angle_deg": -35.7000000000,
                "range_m": 22.7000000000,
                "acceleration_mps2": 0.5500000000,
                "speed_mps": -6.5200000000,
                "width_m": 0.0000000000,
                "pos_x_m": 18.4342960604,
                "pos_y_m": 13.2463854978,
                "relative_speed_x_mps": -8.8608871686,
                "relative_speed_y_mps": -1.0000000000,
                "absolute_speed_x_mps": -8.9880433411,
                "absolute_speed_y_mps": -0.8042672091,
                "on_coming": false
            },
            {
                "id": 12,
                "status": 1,
                "lateral_rate_mps": -0.0000000000,
                "angle_deg": 21.6000000000,
                "range_m": 26.7000000000,
                "acceleration_mps2": 0.0000000000,
                "speed_mps": -6.6600000000,
                "width_m": 0.0000000000,
                "pos_x_m": 24.8250321732,
                "pos_y_m": -9.8289255567,
                "relative_speed_x_mps": -7.1630118648,
                "relative_speed_y_mps": -0.0000000000,
                "absolute_speed_x_mps": -7.0686609527,
                "absolute_speed_y_mps": 0.2570794537,
                "on_coming": false
            },
            {
                "id": 13,
                "status": 3,
                "lateral_rate_mps": -0.0000000000,
                "angle_deg": -0.6000000000,
                "range_m": 10.9000000000,
                "acceleration_mps2": 0.5500000000,
                "speed_mps": -1.1900000000,
                "width_m": 2.0000000000,
                "pos_x_m": 10.8994023461,
                "pos_y_m": 0.1141424469,
                "relative_speed_x_mps": -1.1900652520,
                "relative_speed_y_mps": -0.0000000000,
                "absolute_speed_x_mps": -1.1911609409,
                "absolute_speed_y_mps": 0.1234030037,
                "on_coming": false
            },
            {
                "id": 17,
                "status": 3,
                "lateral_rate_mps": -0.0000000000,
                "angle_deg": -5.6000000000,
                "range_m": 54.0000000000,
                "acceleration_mps2": 1.9000000000,
                "speed_mps": 1.8900000000,
                "width_m": 0.0000000000,
                "pos_x_m": 53.7422795990,
                "pos_y_m": 5.2694765870,
                "relative_speed_x_mps": 1.8990634704,
                "relative_speed_y_mps": -0.0000000000,
                "absolute_speed_x_mps": 1.8484801264,
                "absolute_speed_y_mps": 0.5346651017,