{
    "in_vehicle": {
        "wheel_speed_mps": 8.2226493056,
        "yaw_rate_dps": 1.4200000000,
        "acceleration_x_mps2": -0.1200000000,
        "acceleration_y_mps2": 0.2500000000,
        "turn_signal": 0,
        "steering_angle_deg": 8.2000000000,
        "gear": 3
    },
    "scc_radar": {
        "object_count": 24,
        "objects_info": [
            {
                "id": 1,
                "status": 4,
                "lateral_rate_mps": 1.0000000000,
                "angle_deg": -35.1000000000,
                "range_m": 25.1000000000,
                "acceleration_mps2": 0.7000000000,
                "speed_mps": -7.2100000000,
                "width_m": 1.0000000000,
                "pos_x_m": 20.5355579074,
                "pos_y_m": 14.4326318263,
                "relative_speed_x_mps": -8.2321410164,
                "relative_speed_y_mps": 1.0000000000,
                "absolute_speed_x_mps": -8.5898346784,
                "absolute_speed_y_mps": 1.5574234699,
                "on_coming": false
            },
            {
                "id": 3,
                "status": 3,
                "lateral_rate_mps": 0.7500000000,
                "angle_deg": -4.7000000000,
                "range_m": 33.3000000000,
                "acceleration_mps2": 0.6000000000,
                "speed_mps": -2.7300000000,
                "width_m": 0.0000000000,
                "pos_x_m": 33.1880249810,
                "pos_y_m": 2.7285523374,
                "relative_speed_x_mps": -2.8799778301,
                "relative_speed_y_mps": 0.7500000000,
                "absolute_speed_x_mps": -2.9476013854,
                "absolute_speed_y_mps": 1.6209981066,
                "on_coming": false
            },
            {
                "id": 4,
                "status": 2,
                "lateral_rate_mps": -0.0000000000,
                "angle_deg": 5.4000000000,
                "range_m": 58.8000000000,
                "acceleration_mps2": 0.0000000000,
                "speed_mps": -8.2700000000,
                "width_m": 0.0000000000,
                "pos_x_m": 58.5390435187,
                "pos_y_m": -5.5335688231,
                "relative_speed_x_mps": -8.3068661661,
                "relative_speed_y_mps": -0.0000000000,
                "absolute_speed_x_mps": -8.1697239927,
                "absolute_speed_y_mps": 1.4992895206,
                "on_coming": false
            },
            {
                "id": 6,
                "status": 3,
                "lateral_rate_mps": -0.5000000000,
                "angle_deg": -16.4000000000,
                "range_m": 40.1000000000,
                "acceleration_mps2": 0.5500000000,
                "speed_mps": -7.5500000000,
                "width_m": 0.0000000000,
                "pos_x_m": 38.4684903791,
                "pos_y_m": 11.3218924194,
                "relative_speed_x_mps": -8.0484873722,
                "relative_speed_y_mps": -0.5000000000,
                "absolute_speed_x_mps": -8.3290854786,
                "absolute_speed_y_mps": 0.5018674469,
                "on_coming": false
            },
            {
                "id": 9,
                "status": 3,
                "lateral_rate_mps": -1.0000000000,
                "angle_deg": -7.2000000000,
                "range_m": 68.0000000000,
                "acceleration_mps2": 1.7000000000,
                "speed_mps": 1.6900000000,
                "width_m": 0.0000000000,
                "pos_x_m": 67.4637996894,
                "pos_y_m": 8.5226598824,
                "relative_speed_x_mps": 2.1183136930,
                "relative_speed_y_mps": -1.0000000000,
                "absolute_speed_x_mps": 1.9070908571,
                "absolute_speed_y_mps": 0.7204777803,
                "on_coming": false
            },
            {
                "id": 10,
                "status": 4,
                "lateral_rate_mps": -0.7500000000,
                "angle_deg": -24.4000000000,
                "range_m": 26.2000000000,
                "acceleration_mps2": -0.1500000000,
                "speed_mps": -6.7800000000,
                "width_m": 0.5000000000,
                "pos_x_m": 23.8599119131,
                "pos_y_m": 10.8233360614,
                "relative_speed_x_mps": -7.8570918641,
                "relative_speed_y_mps": -0.7500000000,
                "absolute_speed_x_mps": -8.1253339116,
                "absolute_speed_y_mps": -0.1101868195,
                "on_coming": false
            },
            {
                "id": 13,
                "status": 3,
                "lateral_rate_mps": 0.5000000000,
                "angle_deg": -0.4000000000,
                "range_m": 14.1000000000,
                "acceleration_mps2": 0.0000000000,
                "speed_mps": -1.9000000000,
                "width_m": 2.0000000000,
                "pos_x_m": 14.0996563929,
                "pos_y_m": 0.0984357702,
                "relative_speed_x_mps": -2.0240857434,
                "relative_speed_y_mps": 0.5000000000,
                "absolute_speed_x_mps": -2.0265253436,
                "absolute_speed_y_mps": 0.8979181760,
                "on_coming": false
            },
            {
                "id": 17,
                "status": 3,
                "lateral_rate_mps": 0.7500000000,
                "angle_deg": -6.1000000000,
                "range_m": 53.4000000000,
                "acceleration_mps2": 1.5000000000,
                "speed_mps": -1.5100000000,
                "width_m": 0.0000000000,
                "pos_x_m": 53.0976462167,
                "pos_y_m": 5.6745014094,
                "relative_speed_x_mps": -1.7872124566,
                "relative_speed_y_mps": 0.7500000000,
                "absolute_speed_x_mps": -1.9278474575,
                "absolute_speed_y_mps": 2.1144316962,
                "on_coming": false
            },
            {
                "id": 19,
                "status": 3,
                "lateral_rate_mps": -1.7500000000,
                "angle_deg": -5.7000000000,
                "range_m": 42.0000000000,
                "acceleration_mps2": 1.4000000000,
                "speed_mps": -2.8100000000,
                "width_m": 2.5000000000,
                "pos_x_m": 41.7923339384,
                "pos_y_m": 4.1714294892,
                "relative_speed_x_mps": -3.8880353022,
                "relative_speed_y_mps": -1.7500000000,
                "absolute_speed_x_mps": -3.9914186565,
                "absolute_speed_y_mps": -0.6657554933,
                "on_coming": false
            },
            {
                "id": 20,
                "status": 3,
                "lateral_rate_mps": 1.5000000000,
                "angle_deg": -8.9000000000,
                "range_m": 122.3000000000,
                "acceleration_mps2": -0.1000000000,
                "speed_mps": 4.5600000000,
                "width_m": 0.0000000000,
                "pos_x_m": 120.8274915836,
                "pos_y_m": 18.9210802444,
                "relative_speed_x_mps": 5.2940550486,
                "relative_speed_y_mps": 1.5000000000,
                "absolute_speed_x_mps": 4.8251211380,
                "absolute_speed_y_mps": 4.5430261972,
                "on_coming": false
            },
            {
                "id": 21,
                "status": 3,
                "lateral_rate_mps": -0.2500000000,
                "angle_deg": 13.8000000000,
                "range_m": 35.9000000000,
                "acceleration_mps2": 0.1500000000,
                "speed_mps": -8.1600000000,
                "width_m": 1.0000000000,
                "pos_x_m": 34.8637206488,
                "pos_y_m": -8.5633511271,
                "relative_speed_x_mps": -8.3486292560,
                "relative_speed_y_mps": -0.2500000000,
                "absolute_speed_x_mps": -8.1363979415,
                "absolute_speed_y_mps": 0.6625280041,