{
    "in_vehicle": {
        "wheel_speed_mps": 6.6706111111,
        "yaw_rate_dps": 0.2100000000,
        "acceleration_x_mps2": 0.0800000000,
        "acceleration_y_mps2": -0.4100000000,
        "turn_signal": 0,
        "steering_angle_deg": 2.1000000000,
        "gear": 3
    },
    "scc_radar": {
        "object_count": 17,
        "objects_info": [
            {
                "id": 2,
                "status": 3,
                "lateral_rate_mps": 1.2500000000,
                "angle_deg": -28.7000000000,
                "range_m": 25.5000000000,
                "acceleration_mps2": 0.0000000000,
                "speed_mps": -5.9800000000,
                "width_m": 0.0000000000,
                "pos_x_m": 22.3672271745,
                "pos_y_m": 12.2456991848,
                "relative_speed_x_mps": -6.3828873558,
                "relative_speed_y_mps": 1.2500000000,
                "absolute_speed_x_mps": -6.4277701875,
                "absolute_speed_y_mps": 1.3391492838,
                "on_coming": false
            },
            {
                "id": 6,
                "status": 3,
                "lateral_rate_mps": -0.5000000000,
                "angle_deg": -26.4000000000,
                "range_m": 18.0000000000,
                "acceleration_mps2": 0.4500000000,
                "speed_mps": -2.5500000000,
                "width_m": 0.0000000000,
                "pos_x_m": 16.1228116843,
                "pos_y_m": 8.0034332253,
                "relative_speed_x_mps": -3.1748456408,
                "relative_speed_y_mps": -0.5000000000,
                "absolute_speed_x_mps": -3.2041797556,
                "absolute_speed_y_mps": -0.4337376944,
                "on_coming": false
            },
            {
                "id": 7,
                "status": 3,
                "lateral_rate_mps": -0.0000000000,
                "angle_deg": 3.6000000000,
                "range_m": 34.0000000000,
                "acceleration_mps2": -0.0500000000,
                "speed_mps": 6.9100000000,
                "width_m": 0.0000000000,
                "pos_x_m": 33.9329087666,
                "pos_y_m": -2.1348776640,
                "relative_speed_x_mps": 6.9236622659,
                "relative_speed_y_mps": -0.0000000000,
                "absolute_speed_x_mps": 6.9314870012,
                "absolute_speed_y_mps": 0.1315397208,
                "on_coming": false
            },
            {
                "id": 9,
                "status": 4,
                "lateral_rate_mps": 1.5000000000,
                "angle_deg": -7.4000000000,
                "range_m": 92.6000000000,
                "acceleration_mps2": 0.2000000000,
                "speed_mps": 6.8800000000,
                "width_m": 0.0000000000,
                "pos_x_m": 91.8287496367,
                "pos_y_m": 11.9264722431,
                "relative_speed_x_mps": 7.4413693564,
                "relative_speed_y_mps": 1.5000000000,
                "absolute_speed_x_mps": 7.3976565526,
                "absolute_speed_y_mps": 1.8437390606,
                "on_coming": false
            },
            {
                "id": 12,
                "status": 3,
                "lateral_rate_mps": -0.5000000000,
                "angle_deg": 13.6000000000,
                "range_m": 36.3000000000,
                "acceleration_mps2": 0.0000000000,
                "speed_mps": -6.4500000000,
                "width_m": 2.0000000000,
                "pos_x_m": 35.2821843210,
                "pos_y_m": -8.5356587056,
                "relative_speed_x_mps": -6.5533660167,
                "relative_speed_y_mps": -0.5000000000,
                "absolute_speed_x_mps": -6.5220811935,
                "absolute_speed_y_mps": -0.3635149260,
                "on_coming": false
            },
            {
                "id": 13,
                "status": 3,
                "lateral_rate_mps": -0.2500000000,
                "angle_deg": -1.7000000000,
                "range_m": 10.1000000000,
                "acceleration_mps2": 0.7000000000,
                "speed_mps": 0.5300000000,
                "width_m": 1.5000000000,
                "pos_x_m": 10.0955545872,
                "pos_y_m": 0.2996290653,
                "relative_speed_x_mps": 0.6311370756,
                "relative_speed_y_mps": -0.2500000000,
                "absolute_speed_x_mps": 0.6300388777,
                "absolute_speed_y_mps": -0.2058287454,
                "on_coming": false
            },
            {
                "id": 17,
                "status": 3,
                "lateral_rate_mps": 1.2500000000,
                "angle_deg": -6.7000000000,
                "range_m": 65.7000000000,
                "acceleration_mps2": 1.0500000000,
                "speed_mps": 5.3200000000,
                "width_m": 0.0000000000,
                "pos_x_m": 65.2513116747,
                "pos_y_m": 7.6652674274,
                "relative_speed_x_mps": 5.7803691248,
                "relative_speed_y_mps": 1.2500000000,
                "absolute_speed_x_mps": 5.7522744523,
                "absolute_speed_y_mps": 1.4963276627,
                "on_coming": false
            },
            {
                "id": 20,
                "status": 3,
                "lateral_rate_mps": -0.5000000000,
                "angle_deg": 7.6000000000,
                "range_m": 51.8000000000,
                "acceleration_mps2": -0.0500000000,
                "speed_mps": -6.6300000000,
                "width_m": 0.0000000000,
                "pos_x_m": 51.3449649850,
                "pos_y_m": -6.8508810153,
                "relative_speed_x_mps": -6.6596885681,
                "relative_speed_y_mps": -0.5000000000,
                "absolute_speed_x_mps": -6.6345787777,
                "absolute_speed_y_mps": -0.3046417600,
                "on_coming": false
            },
            {
                "id": 29,
                "status": 4,
                "lateral_rate_mps": -1.0000000000,
                "angle_deg": 22.8000000000,
                "range_m": 25.1000000000,
                "acceleration_mps2": 0.4500000000,
                "speed_mps": -5.9500000000,
                "width_m": 1.5000000000,
                "pos_x_m": 23.1387651049,
                "pos_y_m": -9.7266412199,
                "relative_speed_x_mps": -6.1974721138,
                "relative_speed_y_mps": -1.0000000000,
                "absolute_speed_x_mps": -6.1618221118,
                "absolute_speed_y_mps": -0.9080228820,
                "on_coming": false
            },
            {
                "id": 32,
                "status": 3,
                "lateral_rate_mps": -0.5000000000,
                "angle_deg": 23.8000000000,
                "range_m": 15.1000000000,
                "acceleration_mps2": -0.5500000000,
                "speed_mps": 5.7300000000,
                "width_m": 2.0000000000,
                "pos_x_m": 13.8158909845,
                "pos_y_m": -6.0935339749,
                "relative_speed_x_mps": 6.5215452127,
                "relative_speed_y_mps": -0.5000000000,
                "absolute_speed_x_mps": 6.5438791812,
                "absolute_speed_y_mps": -0.4421930003,
                "on_coming": false
            },
            {
                "id": 35,
                "status": 3,
                "lateral_rate_mps": -0.0000000000,
                "angle_deg": 10.6000000000,
                "range_m": 42.9000000000,
                "acceleration_mps2": 0.0000000000,
                "speed_mps": -6.5500000000,
                "width_m": 1.0000000000,
                "pos_x_m": 42.1679264785,
                "pos_y_m": -7.8915129413,
                "relative_speed_x_mps": -6.6637139520,
                "relative_speed_y_mps": -0.0000000000,
                "absolute_speed_x_mps": -6.6347900464,
                "absolute_speed_y_mps": 0.1617226372,