{
    "in_vehicle": {
        "wheel_speed_mps": 3.8187847222,
        "yaw_rate_dps": -1.0700000000,
        "acceleration_x_mps2": -0.2500000000,
        "acceleration_y_mps2": -0.0200000000,
        "turn_signal": 1,
        "steering_angle_deg": -10.7000000000,
        "gear": 3
    },
    "scc_radar": {
        "object_count": 10,
        "objects_info": [
            {
                "id": 8,
                "status": 4,
                "lateral_rate_mps": 0.2500000000,
                "angle_deg": -9.1000000000,
                "range_m": 48.9000000000,
                "acceleration_mps2": 0.9000000000,
                "speed_mps": -3.7100000000,
                "width_m": 0.0000000000,
                "pos_x_m": 48.2845351501,
                "pos_y_m": 7.7339294887,
                "relative_speed_x_mps": -3.7340221325,
                "relative_speed_y_mps": 0.2500000000,
                "absolute_speed_x_mps": -3.5895908214,
                "absolute_speed_y_mps": -0.6882431493,
                "on_coming": false
            },
            {
                "id": 11,
                "status": 1,
                "lateral_rate_mps": -0.0000000000,
                "angle_deg": -8.8000000000,
                "range_m": 31.6000000000,
                "acceleration_mps2": 0.0000000000,
                "speed_mps": -3.7700000000,
                "width_m": 0.0000000000,
                "pos_x_m": 31.2280168537,
                "pos_y_m": 4.8343524266,
                "relative_speed_x_mps": -3.8149076375,
                "relative_speed_y_mps": -0.0000000000,
                "absolute_speed_x_mps": -3.7246259948,
                "absolute_speed_y_mps": -0.6197122779,
                "on_coming": false
            },
            {
                "id": 13,
                "status": 4,
                "lateral_rate_mps": 2.5000000000,
                "angle_deg": -6.9000000000,
                "range_m": 72.4000000000,
                "acceleration_mps2": 1.1500000000,
                "speed_mps": -3.5900000000,
                "width_m": 0.0000000000,
                "pos_x_m": 71.8756315557,
                "pos_y_m": 8.6979071316,
                "relative_speed_x_mps": -4.8456502800,
                "relative_speed_y_mps": 2.5000000000,
                "absolute_speed_x_mps": -4.6832166643,
                "absolute_speed_y_mps": 1.1211925828,
                "on_coming": false
            },
            {
                "id": 16,
                "status": 4,
                "lateral_rate_mps": 1.7500000000,
                "angle_deg": -2.0000000000,
                "range_m": 107.4000000000,
                "acceleration_mps2": 1.0000000000,
                "speed_mps": -3.7000000000,
                "width_m": 0.0000000000,
                "pos_x_m": 107.3345748219,
                "pos_y_m": 3.7482059458,
                "relative_speed_x_mps": -4.4026048415,
                "relative_speed_y_mps": 1.7500000000,
                "absolute_speed_x_mps": -4.3326070093,
                "absolute_speed_y_mps": -0.2910039981,
                "on_coming": false
            },
            {
                "id": 25,
                "status": 3,
                "lateral_rate_mps": 0.5000000000,
                "angle_deg": -17.0000000000,
                "range_m": 34.9000000000,
                "acceleration_mps2": 0.9000000000,
                "speed_mps": -3.6200000000,
                "width_m": 0.0000000000,
                "pos_x_m": 33.3750359831,
                "pos_y_m": 10.2037724948,
                "relative_speed_x_mps": -3.7007213165,
                "relative_speed_y_mps": 0.5000000000,
                "absolute_speed_x_mps": -3.5101656305,
                "absolute_speed_y_mps": -0.1598079095,
                "on_coming": false
            },
            {
                "id": 28,
                "status": 3,
                "lateral_rate_mps": 0.5000000000,
                "angle_deg": 1.6000000000,
                "range_m": 4.7000000000,
                "acceleration_mps2": 0.1000000000,
                "speed_mps": -0.3700000000,
                "width_m": 0.5000000000,
                "pos_x_m": 4.6981675407,
                "pos_y_m": -0.1312317020,
                "relative_speed_x_mps": -0.8046992832,
                "relative_speed_y_mps": 0.5000000000,
                "absolute_speed_x_mps": -0.8071500382,
                "absolute_speed_y_mps": 0.3757332682,
                "on_coming": false
            },
            {
                "id": 30,
                "status": 3,
                "lateral_rate_mps": 0.5000000000,
                "angle_deg": -11.7000000000,
                "range_m": 54.4000000000,
                "acceleration_mps2": -0.4500000000,
                "speed_mps": -3.4600000000,
                "width_m": 0.0000000000,
                "pos_x_m": 53.2697208978,
                "pos_y_m": 11.0316288674,
                "relative_speed_x_mps": -3.5020000128,
                "relative_speed_y_mps": 0.5000000000,
                "absolute_speed_x_mps": -3.2959840900,
                "absolute_speed_y_mps": -0.5313416078,
                "on_coming": false
            },
            {
                "id": 39,
                "status": 4,
                "lateral_rate_mps": 0.7500000000,
                "angle_deg": -6.1000000000,
                "range_m": 44.4000000000,
                "acceleration_mps2": -0.7000000000,
                "speed_mps": -1.0200000000,
                "width_m": 0.0000000000,
                "pos_x_m": 44.1486047195,
                "pos_y_m": 4.7181247673,
                "relative_speed_x_mps": -1.4210087430,
                "relative_speed_y_mps": 0.7500000000,
                "absolute_speed_x_mps": -1.3328976545,
                "absolute_speed_y_mps": -0.1110045534,
                "on_coming": false
            },
            {
                "id": 45,
                "status": 4,
                "lateral_rate_mps": 1.7500000000,
                "angle_deg": 19.8000000000,
                "range_m": 51.3000000000,
                "acceleration_mps2": 0.1500000000,
                "speed_mps": -3.7000000000,
                "width_m": 0.0000000000,
                "pos_x_m": 48.2671834474,
                "pos_y_m": -17.3772553086,
                "relative_speed_x_mps": -5.1905325236,
                "relative_speed_y_mps": 1.7500000000,
                "absolute_speed_x_mps": -5.5150531661,
                "absolute_speed_y_mps": 0.8120808942,
                "on_coming": false
            },
            {
                "id": 61,
                "status": 3,
                "lateral_rate_mps": 7.2500000000,
                "angle_deg": 13.9000000000,
                "range_m": 56.5000000000,
                "acceleration_mps2": 0.0500000000,
                "speed_mps": 9.7200000000,
                "width_m": 0.0000000000,
                "pos_x_m": 54.8454812092,
                "pos_y_m": -13.5728844000,
                "relative_speed_x_mps": 13.1406785960,
                "relative_speed_y_mps": 7.2500000000,
                "absolute_speed_x_mps": 12.8872046677,
                "absolute_speed_y_mps": 6.1892310322,
                "on_coming": false
            }
        ]
    },
    "backlight": {
        "max_intensity": 134
    },
    "sync": {
        "tick_frame": 27
    },
    "gps": {
        "latitude_deg": 37.5273689044,
        "longitude_deg": 126.9531190183,
        "heading_deg": 174.2400000000,
        "height_m": 43.0640000000
    }
}