{
    "in_vehicle": {
        "wheel_speed_mps": 3.9308958333,
        "yaw_rate_dps": 6.0000000000,
        "acceleration_x_mps2": 0.8400000000,
        "acceleration_y_mps2": 0.8400000000,
        "turn_signal": 0,
        "steering_angle_deg": 76.7000000000,
        "gear": 3
    },
    "scc_radar": {
        "object_count": 23,
        "objects_info": [
            {
                "id": 0,
                "status": 3,
                "lateral_rate_mps": 0.7500000000,
                "angle_deg": 0.7000000000,
                "range_m": 31.6000000000,
                "acceleration_mps2": -0.6000000000,
                "speed_mps": 8.7800000000,
                "width_m": 1.0000000000,
                "pos_x_m": 31.5976416813,
                "pos_y_m": -0.3860572264,
                "relative_speed_x_mps": 8.8353873489,
                "relative_speed_y_mps": 0.7500000000,
                "absolute_speed_x_mps": 8.8758151671,
                "absolute_speed_y_mps": 4.2637291402,
                "on_coming": false
            },
            {
                "id": 2,
                "status": 2,
                "lateral_rate_mps": 0.2500000000,
                "angle_deg": -8.9000000000,
                "range_m": 76.1000000000,
                "acceleration_mps2": 0.0000000000,
                "speed_mps": 7.2300000000,
                "width_m": 0.0000000000,
                "pos_x_m": 75.1837457851,
                "pos_y_m": 11.7734603974,
                "relative_speed_x_mps": 7.3657501062,
                "relative_speed_y_mps": 0.2500000000,
                "absolute_speed_x_mps": 6.1328362164,
                "absolute_speed_y_mps": 8.3280552886,
                "on_coming": false
            },
            {
                "id": 3,
                "status": 3,
                "lateral_rate_mps": -1.5000000000,
                "angle_deg": -10.2000000000,
                "range_m": 40.3000000000,
                "acceleration_mps2": -0.7500000000,
                "speed_mps": 2.7500000000,
                "width_m": 0.0000000000,
                "pos_x_m": 39.6630830012,
                "pos_y_m": 7.1365150349,
                "relative_speed_x_mps": 3.2972603647,
                "relative_speed_y_mps": -1.5000000000,
                "absolute_speed_x_mps": 2.5499262578,
                "absolute_speed_y_mps": 2.8583401802,
                "on_coming": false
            },
            {
                "id": 6,
                "status": 4,
                "lateral_rate_mps": 0.2500000000,
                "angle_deg": -8.9000000000,
                "range_m": 100.8000000000,
                "acceleration_mps2": -0.3000000000,
                "speed_mps": 12.1300000000,
                "width_m": 0.0000000000,
                "pos_x_m": 99.5863544696,
                "pos_y_m": 15.5948069390,
                "relative_speed_x_mps": 12.3220488893,
                "relative_speed_y_mps": 0.2500000000,
                "absolute_speed_x_mps": 10.6889645256,
                "absolute_speed_y_mps": 10.8834904943,
                "on_coming": false
            },
            {
                "id": 7,
                "status": 3,
                "lateral_rate_mps": -0.5000000000,
                "angle_deg": -3.9000000000,
                "range_m": 70.1000000000,
                "acceleration_mps2": -0.3500000000,
                "speed_mps": 6.9100000000,
                "width_m": 2.5000000000,
                "pos_x_m": 69.9376679464,
                "pos_y_m": 4.7678718756,
                "relative_speed_x_mps": 6.9281314254,
                "relative_speed_y_mps": -0.5000000000,
                "absolute_speed_x_mps": 6.4288410501,
                "absolute_speed_y_mps": 7.0286873020,
                "on_coming": false
            },
            {
                "id": 8,
                "status": 3,
                "lateral_rate_mps": -1.5000000000,
                "angle_deg": -27.6000000000,
                "range_m": 27.3000000000,
                "acceleration_mps2": 0.5500000000,
                "speed_mps": -1.6400000000,
                "width_m": 0.0000000000,
                "pos_x_m": 24.1933577130,
                "pos_y_m": 12.6479817588,
                "relative_speed_x_mps": -3.3826057359,
                "relative_speed_y_mps": -1.5000000000,
                "absolute_speed_x_mps": -4.7070992884,
                "absolute_speed_y_mps": 1.2383543362,
                "on_coming": false
            },
            {
                "id": 10,
                "status": 4,
                "lateral_rate_mps": -2.0000000000,
                "angle_deg": 12.8000000000,
                "range_m": 30.8000000000,
                "acceleration_mps2": 0.0000000000,
                "speed_mps": -3.2300000000,
                "width_m": 0.0000000000,
                "pos_x_m": 30.0346001126,
                "pos_y_m": -6.8236937267,
                "relative_speed_x_mps": -4.0209117278,
                "relative_speed_y_mps": -2.0000000000,
                "absolute_speed_x_mps": -3.3063361917,
                "absolute_speed_y_mps": 1.3500478099,
                "on_coming": false
            },
            {
                "id": 13,
                "status": 3,
                "lateral_rate_mps": 2.0000000000,
                "angle_deg": 6.8000000000,
                "range_m": 8.6000000000,
                "acceleration_mps2": 1.0500000000,
                "speed_mps": 6.4900000000,
                "width_m": 1.0000000000,
                "pos_x_m": 8.5395033697,
                "pos_y_m": -1.0182741274,
                "relative_speed_x_mps": 6.9035064957,
                "relative_speed_y_mps": 2.0000000000,
                "absolute_speed_x_mps": 7.0101399130,
                "absolute_speed_y_mps": 3.0990865427,
                "on_coming": false
            },
            {
                "id": 14,
                "status": 3,
                "lateral_rate_mps": -6.5000000000,
                "angle_deg": -5.2000000000,
                "range_m": 108.5000000000,
                "acceleration_mps2": -0.0500000000,
                "speed_mps": -3.8300000000,
                "width_m": 0.0000000000,
                "pos_x_m": 108.0534572498,
                "pos_y_m": 9.8336349515,
                "relative_speed_x_mps": -10.2073645031,
                "relative_speed_y_mps": -6.5000000000,
                "absolute_speed_x_mps": -11.2371403472,
                "absolute_speed_y_mps": 5.0201634240,
                "on_coming": false
            },
            {
                "id": 15,
                "status": 4,
                "lateral_rate_mps": -1.5000000000,
                "angle_deg": -21.4000000000,
                "range_m": 23.5000000000,
                "acceleration_mps2": -0.0500000000,
                "speed_mps": -3.0700000000,
                "width_m": 0.5000000000,
                "pos_x_m": 21.8798116728,
                "pos_y_m": 8.5746044319,
                "relative_speed_x_mps": -4.4265774697,
                "relative_speed_y_mps": -1.5000000000,
                "absolute_speed_x_mps": -5.3245079460,
                "absolute_speed_y_mps": 0.9960803615,
                "on_coming": false
            },
            {
                "id": 19,
                "status": 4,
                "lateral_rate_mps": -5.2500000000,
                "angle_deg": -11.2000000000,
                "range_m": 54.9000000000,
                "acceleration_mps2": 0.4500000000,
                "speed_mps": 1.3500000000,
                "width_m": 0.0000000000,
                "pos_x_m": 53.8544380287,
                "pos_y_m": 10.6634658820,
                "relative_speed_x_mps": 7.4322509761,
                "relative_speed_y_mps": -5.2500000000,
                "absolute_speed_x_mps": 6.3155754402,
                "absolute_speed_y_mps": 0.5944554035,