{
    "in_vehicle": {
        "wheel_speed_mps": 2.3753541667,
        "yaw_rate_dps": -4.6700000000,
        "acceleration_x_mps2": -0.9300000000,
        "acceleration_y_mps2": 0.0800000000,
        "turn_signal": 1,
        "steering_angle_deg": -76.3000000000,
        "gear": 3
    },
    "scc_radar": {
        "object_count": 8,
        "objects_info": [
            {
                "id": 1,
                "status": 4,
                "lateral_rate_mps": 4.2500000000,
                "angle_deg": -16.1000000000,
                "range_m": 30.1000000000,
                "acceleration_mps2": -0.3500000000,
                "speed_mps": -1.2300000000,
                "width_m": 0.0000000000,
                "pos_x_m": 28.9194525401,
                "pos_y_m": 8.3471710644,
                "relative_speed_x_mps": -6.0106458455,
                "relative_speed_y_mps": 4.2500000000,
                "absolute_speed_x_mps": -5.3302940080,
                "absolute_speed_y_mps": 1.7334383163,
                "on_coming": false
            },
            {
                "id": 6,
                "status": 4,
                "lateral_rate_mps": 7.2500000000,
                "angle_deg": -7.9000000000,
                "range_m": 61.6000000000,
                "acceleration_mps2": -0.0500000000,
                "speed_mps": 1.3100000000,
                "width_m": 0.0000000000,
                "pos_x_m": 61.0153829355,
                "pos_y_m": 8.4665840359,
                "relative_speed_x_mps": 10.5141451977,
                "relative_speed_y_mps": 7.2500000000,
                "absolute_speed_x_mps": 11.2042300134,
                "absolute_speed_y_mps": 2.1173992952,
                "on_coming": false
            },
            {
                "id": 28,
                "status": 3,
                "lateral_rate_mps": 3.0000000000,
                "angle_deg": -23.4000000000,
                "range_m": 18.4000000000,
                "acceleration_mps2": -0.4500000000,
                "speed_mps": 1.5900000000,
                "width_m": 1.5000000000,
                "pos_x_m": 16.8866851126,
                "pos_y_m": 7.3075211877,
                "relative_speed_x_mps": 5.2139403253,
                "relative_speed_y_mps": 3.0000000000,
                "absolute_speed_x_mps": 5.8095535491,
                "absolute_speed_y_mps": 1.4641915997,
                "on_coming": false
            },
            {
                "id": 42,
                "status": 3,
                "lateral_rate_mps": 3.7500000000,
                "angle_deg": -18.1000000000,
                "range_m": 39.5000000000,
                "acceleration_mps2": 0.2000000000,
                "speed_mps": -1.6600000000,
                "width_m": 0.0000000000,
                "pos_x_m": 37.5453713993,
                "pos_y_m": 12.2717189704,
                "relative_speed_x_mps": -5.3288048559,
                "relative_speed_y_mps": 3.7500000000,
                "absolute_speed_x_mps": -4.3285753786,
                "absolute_speed_y_mps": 0.5303666168,
                "on_coming": false
            },
            {
                "id": 48,
                "status": 4,
                "lateral_rate_mps": 2.5000000000,
                "angle_deg": -19.4000000000,
                "range_m": 33.5000000000,
                "acceleration_mps2": 0.0000000000,
                "speed_mps": -2.2900000000,
                "width_m": 0.0000000000,
                "pos_x_m": 31.5979590412,
                "pos_y_m": 11.1273979181,
                "relative_speed_x_mps": -3.8593555616,
                "relative_speed_y_mps": 2.5000000000,
                "absolute_speed_x_mps": -2.9523961186,
                "absolute_speed_y_mps": -0.2348783812,
                "on_coming": false
            },
            {
                "id": 51,
                "status": 4,
                "lateral_rate_mps": 5.5000000000,
                "angle_deg": -8.3000000000,
                "range_m": 48.8000000000,
                "acceleration_mps2": 0.0000000000,
                "speed_mps": 0.9500000000,
                "width_m": 0.0000000000,
                "pos_x_m": 48.2888585066,
                "pos_y_m": 7.0445826088,
                "relative_speed_x_mps": 7.9753445646,
                "relative_speed_y_mps": 5.5000000000,
                "absolute_speed_x_mps": 8.5495264862,
                "absolute_speed_y_mps": 1.4046985446,
                "on_coming": false
            },
            {
                "id": 58,
                "status": 4,
                "lateral_rate_mps": -3.5000000000,
                "angle_deg": -12.6000000000,
                "range_m": 6.0000000000,
                "acceleration_mps2": -1.0000000000,
                "speed_mps": 0.0000000000,
                "width_m": 0.0000000000,
                "pos_x_m": 5.8555005716,
                "pos_y_m": 1.3088594484,
                "relative_speed_x_mps": 5.0111934791,
                "relative_speed_y_mps": -3.5000000000,
                "absolute_speed_x_mps": 5.1178745239,
                "absolute_speed_y_mps": -4.1366910090,
                "on_coming": false
            },
            {
                "id": 62,
                "status": 3,
                "lateral_rate_mps": 1.2500000000,
                "angle_deg": 2.3000000000,
                "range_m": 3.3000000000,
                "acceleration_mps2": -0.4500000000,
                "speed_mps": -0.3600000000,
                "width_m": 3.0000000000,
                "pos_x_m": 3.2973415039,
                "pos_y_m": -0.1324349154,
                "relative_speed_x_mps": -1.8148020565,
                "relative_speed_y_mps": 1.2500000000,
                "absolute_speed_x_mps": -1.8255964128,
                "absolute_speed_y_mps": 0.8218165451,
                "on_coming": false
            }
        ]
    },
    "backlight": {
        "max_intensity": 174
    },
    "sync": {
        "tick_frame": 67
    },
    "gps": {
        "latitude_deg": 37.5272562494,
        "longitude_deg": 126.9531256199,
        "heading_deg": 184.3300000000,
        "height_m": 42.9580000000
    }
}