{
    "in_vehicle": {
        "wheel_speed_mps": 6.5865277778,
        "yaw_rate_dps": 0.3300000000,
        "acceleration_x_mps2": -0.0200000000,
        "acceleration_y_mps2": -0.4100000000,
        "turn_signal": 0,
        "steering_angle_deg": 3.7000000000,
        "gear": 3
    },
    "scc_radar": {
        "object_count": 16,
        "objects_info": [
            {
                "id": 3,
                "status": 4,
                "lateral_rate_mps": -0.2500000000,
                "angle_deg": -3.1000000000,
                "range_m": 30.1000000000,
                "acceleration_mps2": 0.4500000000,
                "speed_mps": 1.3000000000,
                "width_m": 0.0000000000,
                "pos_x_m": 30.0559537768,
                "pos_y_m": 1.6277722708,
                "relative_speed_x_mps": 1.3359962276,
                "relative_speed_y_mps": -0.2500000000,
                "absolute_speed_x_mps": 1.3266209324,
                "absolute_speed_y_mps": -0.0656243822,
                "on_coming": false
            },
            {
                "id": 6,
                "status": 3,
                "lateral_rate_mps": -0.5000000000,
                "angle_deg": -23.4000000000,
                "range_m": 20.6000000000,
                "acceleration_mps2": 0.4000000000,
                "speed_mps": -2.8900000000,
                "width_m": 1.0000000000,
                "pos_x_m": 18.9057452891,
                "pos_y_m": 8.1812465471,
                "relative_speed_x_mps": -3.4388431693,
                "relative_speed_y_mps": -0.5000000000,
                "absolute_speed_x_mps": -3.4859637667,
                "absolute_speed_y_mps": -0.3798449728,
                "on_coming": false
            },
            {
                "id": 7,
                "status": 3,
                "lateral_rate_mps": 0.5000000000,
                "angle_deg": 4.8000000000,
                "range_m": 26.5000000000,
                "acceleration_mps2": 0.3000000000,
                "speed_mps": 7.1800000000,
                "width_m": 0.5000000000,
                "pos_x_m": 26.4070607701,
                "pos_y_m": -2.2174628483,
                "relative_speed_x_mps": 7.1980993109,
                "relative_speed_y_mps": 0.5000000000,
                "absolute_speed_x_mps": 7.2108709801,
                "absolute_speed_y_mps": 0.6633595028,
                "on_coming": false
            },
            {
                "id": 9,
                "status": 3,
                "lateral_rate_mps": 1.2500000000,
                "angle_deg": -7.6000000000,
                "range_m": 85.7000000000,
                "acceleration_mps2": 1.3000000000,
                "speed_mps": 6.9500000000,
                "width_m": 0.0000000000,
                "pos_x_m": 84.9471717996,
                "pos_y_m": 11.3343726450,
                "relative_speed_x_mps": 7.3928425032,
                "relative_speed_y_mps": 1.2500000000,
                "absolute_speed_x_mps": 7.3275612031,
                "absolute_speed_y_mps": 1.7505263378,
                "on_coming": false
            },
            {
                "id": 13,
                "status": 3,
                "lateral_rate_mps": 0.2500000000,
                "angle_deg": -2.7000000000,
                "range_m": 9.7000000000,
                "acceleration_mps2": 0.8000000000,
                "speed_mps": 0.0000000000,
                "width_m": 0.5000000000,
                "pos_x_m": 9.6892317871,
                "pos_y_m": 0.4569325719,
                "relative_speed_x_mps": 0.3537499075,
                "relative_speed_y_mps": 0.2500000000,
                "absolute_speed_x_mps": 0.3511181648,
                "absolute_speed_y_mps": 0.3170717202,
                "on_coming": false
            },
            {
                "id": 16,
                "status": 3,
                "lateral_rate_mps": -0.5000000000,
                "angle_deg": 29.1000000000,
                "range_m": 21.5000000000,
                "acceleration_mps2": 0.6500000000,
                "speed_mps": -5.7400000000,
                "width_m": 2.5000000000,
                "pos_x_m": 18.7861027953,
                "pos_y_m": -10.4562106791,
                "relative_speed_x_mps": -6.3305363990,
                "relative_speed_y_mps": -0.5000000000,
                "absolute_speed_x_mps": -6.2703129488,
                "absolute_speed_y_mps": -0.3805340641,
                "on_coming": false
            },
            {
                "id": 17,
                "status": 3,
                "lateral_rate_mps": 1.0000000000,
                "angle_deg": -6.4000000000,
                "range_m": 60.9000000000,
                "acceleration_mps2": 1.1000000000,
                "speed_mps": 4.4500000000,
                "width_m": 0.0000000000,
                "pos_x_m": 60.5204662769,
                "pos_y_m": 6.7884579714,
                "relative_speed_x_mps": 4.8029975306,
                "relative_speed_y_mps": 1.0000000000,
                "absolute_speed_x_mps": 4.7638988195,
                "absolute_speed_y_mps": 1.3598386137,
                "on_coming": false
            },
            {
                "id": 18,
                "status": 4,
                "lateral_rate_mps": -2.0000000000,
                "angle_deg": -17.7000000000,
                "range_m": 47.1000000000,
                "acceleration_mps2": 0.0500000000,
                "speed_mps": -6.4500000000,
                "width_m": 0.0000000000,
                "pos_x_m": 44.8703557670,
                "pos_y_m": 14.3199571696,
                "relative_speed_x_mps": -7.9303295481,
                "relative_speed_y_mps": -2.0000000000,
                "absolute_speed_x_mps": -8.0128065806,
                "absolute_speed_y_mps": -1.7302995520,
                "on_coming": false
            },
            {
                "id": 25,
                "status": 4,
                "lateral_rate_mps": -0.2500000000,
                "angle_deg": -34.7000000000,
                "range_m": 21.7000000000,
                "acceleration_mps2": 0.2500000000,
                "speed_mps": -5.8400000000,
                "width_m": 1.0000000000,
                "pos_x_m": 17.8405256904,
                "pos_y_m": 12.3533656584,
                "relative_speed_x_mps": -7.2850705830,
                "relative_speed_y_mps": -0.2500000000,
                "absolute_speed_x_mps": -7.3562208615,
                "absolute_speed_y_mps": -0.1359801973,
                "on_coming": false
            },
            {
                "id": 29,
                "status": 3,
                "lateral_rate_mps": -0.7500000000,
                "angle_deg": 15.4000000000,
                "range_m": 33.3000000000,
                "acceleration_mps2": 0.4500000000,
                "speed_mps": -6.3400000000,
                "width_m": 1.5000000000,
                "pos_x_m": 32.1043769610,
                "pos_y_m": -8.8430187123,
                "relative_speed_x_mps": -6.4572354854,
                "relative_speed_y_mps": -0.7500000000,
                "absolute_speed_x_mps": -6.4063033539,
                "absolute_speed_y_mps": -0.5538263116,
                "on_coming": false
            },
            {
                "id": 31,
                "status": 4,
                "lateral_rate_mps": 1.0000000000,
                "angle_deg": -8.7000000000,
                "range_m": 120.7000000000,
                "acceleration_mps2": -0.8000000000,
                "speed_mps": 5.7000000000,
                "width_m": 0.0000000000,
                "pos_x_m": 119.3112121378,
                "pos_y_m": 18.2571810038,
                "relative_speed_x_mps": 6.0859624005,
                "relative_speed_y_mps": 1.0000000000,
                "absolute_speed_x_mps": 5.9808085867,
                "absolute_speed_y_mps": 1.6984490018,