{
    "in_vehicle": {
        "wheel_speed_mps": 6.7967361111,
        "yaw_rate_dps": 0.1400000000,
        "acceleration_x_mps2": 0.5400000000,
        "acceleration_y_mps2": -0.3000000000,
        "turn_signal": 0,
        "steering_angle_deg": 2.7000000000,
        "gear": 3
    },
    "scc_radar": {
        "object_count": 20,
        "objects_info": [
            {
                "id": 2,
                "status": 4,
                "lateral_rate_mps": -0.2500000000,
                "angle_deg": -31.9000000000,
                "range_m": 22.4000000000,
                "acceleration_mps2": 0.0000000000,
                "speed_mps": -5.9600000000,
                "width_m": 0.0000000000,
                "pos_x_m": 19.0169658029,
                "pos_y_m": 11.8370186978,
                "relative_speed_x_mps": -7.1845734302,
                "relative_speed_y_mps": -0.2500000000,
                "absolute_speed_x_mps": -7.2134967231,
                "absolute_speed_y_mps": -0.1987533770,
                "on_coming": false
            },
            {
                "id": 6,
                "status": 4,
                "lateral_rate_mps": -0.5000000000,
                "angle_deg": -27.9000000000,
                "range_m": 16.7000000000,
                "acceleration_mps2": 0.3000000000,
                "speed_mps": -2.5400000000,
                "width_m": 0.0000000000,
                "pos_x_m": 14.7588860225,
                "pos_y_m": 7.8144278982,
                "relative_speed_x_mps": -3.2174640652,
                "relative_speed_y_mps": -0.5000000000,
                "absolute_speed_x_mps": -3.2365583147,
                "absolute_speed_y_mps": -0.4591578287,
                "on_coming": false
            },
            {
                "id": 7,
                "status": 3,
                "lateral_rate_mps": 0.2500000000,
                "angle_deg": 2.8000000000,
                "range_m": 37.4000000000,
                "acceleration_mps2": -0.2000000000,
                "speed_mps": 6.6300000000,
                "width_m": 0.0000000000,
                "pos_x_m": 37.3553495366,
                "pos_y_m": -1.8269813904,
                "relative_speed_x_mps": 6.6351239942,
                "relative_speed_y_mps": 0.2500000000,
                "absolute_speed_x_mps": 6.6395881519,
                "absolute_speed_y_mps": 0.3460557476,
                "on_coming": false
            },
            {
                "id": 9,
                "status": 3,
                "lateral_rate_mps": 2.0000000000,
                "angle_deg": -8.7000000000,
                "range_m": 96.0000000000,
                "acceleration_mps2": -0.1000000000,
                "speed_mps": 6.6600000000,
                "width_m": 0.0000000000,
                "pos_x_m": 94.8954131336,
                "pos_y_m": 14.5210387437,
                "relative_speed_x_mps": 7.5902449129,
                "relative_speed_y_mps": 2.0000000000,
                "absolute_speed_x_mps": 7.5547633217,
                "absolute_speed_y_mps": 2.2366526462,
                "on_coming": false
            },
            {
                "id": 12,
                "status": 3,
                "lateral_rate_mps": -0.2500000000,
                "angle_deg": 14.8000000000,
                "range_m": 33.1000000000,
                "acceleration_mps2": -0.0500000000,
                "speed_mps": -6.4600000000,
                "width_m": 1.5000000000,
                "pos_x_m": 32.0018541628,
                "pos_y_m": -8.4552545877,
                "relative_speed_x_mps": -6.6250630960,
                "relative_speed_y_mps": -0.2500000000,
                "absolute_speed_x_mps": -6.6044030116,
                "absolute_speed_y_mps": -0.1670253093,
                "on_coming": false
            },
            {
                "id": 13,
                "status": 3,
                "lateral_rate_mps": 0.5000000000,
                "angle_deg": -4.0000000000,
                "range_m": 10.4000000000,
                "acceleration_mps2": 0.7000000000,
                "speed_mps": 0.7300000000,
                "width_m": 1.5000000000,
                "pos_x_m": 10.3746661227,
                "pos_y_m": 0.7254673269,
                "relative_speed_x_mps": 1.0430241683,
                "relative_speed_y_mps": 0.5000000000,
                "absolute_speed_x_mps": 1.0412515172,
                "absolute_speed_y_mps": 0.5301295012,
                "on_coming": false
            },
            {
                "id": 17,
                "status": 3,
                "lateral_rate_mps": 1.5000000000,
                "angle_deg": -7.9000000000,
                "range_m": 68.3000000000,
                "acceleration_mps2": 0.9000000000,
                "speed_mps": 5.6000000000,
                "width_m": 0.0000000000,
                "pos_x_m": 67.6517963392,
                "pos_y_m": 9.3874624943,
                "relative_speed_x_mps": 6.2338335608,
                "relative_speed_y_mps": 1.5000000000,
                "absolute_speed_x_mps": 6.2108956628,
                "absolute_speed_y_mps": 1.6700839324,
                "on_coming": false
            },
            {
                "id": 19,
                "status": 4,
                "lateral_rate_mps": 2.5000000000,
                "angle_deg": -8.4000000000,
                "range_m": 141.9000000000,
                "acceleration_mps2": -0.0500000000,
                "speed_mps": -6.6900000000,
                "width_m": 0.0000000000,
                "pos_x_m": 140.3777440474,
                "pos_y_m": 20.7291817530,
                "relative_speed_x_mps": -7.3058393210,
                "relative_speed_y_mps": 2.5000000000,
                "absolute_speed_x_mps": -7.3564902672,
                "absolute_speed_y_mps": 2.8477869458,
                "on_coming": false
            },
            {
                "id": 25,
                "status": 2,
                "lateral_rate_mps": -0.5000000000,
                "angle_deg": -16.5000000000,
                "range_m": 41.4000000000,
                "acceleration_mps2": -0.0500000000,
                "speed_mps": -4.4700000000,
                "width_m": 0.0000000000,
                "pos_x_m": 39.6951370235,
                "pos_y_m": 11.7582352707,
                "relative_speed_x_mps": -4.8617846821,
                "relative_speed_y_mps": -0.5000000000,
                "absolute_speed_x_mps": -4.8905154709,
                "absolute_speed_y_mps": -0.3982270730,
                "on_coming": false
            },
            {
                "id": 26,
                "status": 3,
                "lateral_rate_mps": -0.5000000000,
                "angle_deg": 7.1000000000,
                "range_m": 52.2000000000,
                "acceleration_mps2": -0.0500000000,
                "speed_mps": -6.6600000000,
                "width_m": 0.0000000000,
                "pos_x_m": 51.7997271576,
                "pos_y_m": -6.4519970859,
                "relative_speed_x_mps": -6.6866785135,
                "relative_speed_y_mps": -0.5000000000,
                "absolute_speed_x_mps": -6.6709133106,
                "absolute_speed_y_mps": -0.3686499797,
                "on_coming": false
            },
            {
                "id": 32,
                "status": 3,
                "lateral_rate_mps": -0.2500000000,
                "angle_deg": 20.1000000000,
                "range_m": 17.4000000000,
                "acceleration_mps2": -0.1000000000,
                "speed_mps": 5.7000000000,
                "width_m": 2.5000000000,
                "pos_x_m": 16.3402399864,
                "pos_y_m": -5.9796786858,
                "relative_speed_x_mps": 6.1713011520,
                "relative_speed_y_mps": -0.2500000000,
                "absolute_speed_x_mps": 6.1859122634,
                "absolute_speed_y_mps": -0.2052938520,