{
    "in_vehicle": {
        "wheel_speed_mps": 4.0780416667,
        "yaw_rate_dps": -0.8400000000,
        "acceleration_x_mps2": -0.6600000000,
        "acceleration_y_mps2": -0.1200000000,
        "turn_signal": 1,
        "steering_angle_deg": -6.8000000000,
        "gear": 3
    },
    "scc_radar": {
        "object_count": 11,
        "objects_info": [
            {
                "id": 8,
                "status": 3,
                "lateral_rate_mps": 0.5000000000,
                "angle_deg": -8.6000000000,
                "range_m": 50.9000000000,
                "acceleration_mps2": 0.9000000000,
                "speed_mps": -4.0900000000,
                "width_m": 0.0000000000,
                "pos_x_m": 50.3276997953,
                "pos_y_m": 7.6113489813,
                "relative_speed_x_mps": -4.1219945806,
                "relative_speed_y_mps": 0.5000000000,
                "absolute_speed_x_mps": -4.0104063764,
                "absolute_speed_y_mps": -0.2665190735,
                "on_coming": false
            },
            {
                "id": 12,
                "status": 4,
                "lateral_rate_mps": 1.0000000000,
                "angle_deg": -5.2000000000,
                "range_m": 56.5000000000,
                "acceleration_mps2": 0.0500000000,
                "speed_mps": -2.8600000000,
                "width_m": 0.0000000000,
                "pos_x_m": 56.2674685218,
                "pos_y_m": 5.1207407812,
                "relative_speed_x_mps": -3.1197621905,
                "relative_speed_y_mps": 1.0000000000,
                "absolute_speed_x_mps": -3.0446882096,
                "absolute_speed_y_mps": 0.1463993688,
                "on_coming": false
            },
            {
                "id": 13,
                "status": 3,
                "lateral_rate_mps": 2.5000000000,
                "angle_deg": -6.7000000000,
                "range_m": 74.3000000000,
                "acceleration_mps2": 1.1500000000,
                "speed_mps": -4.0500000000,
                "width_m": 0.0000000000,
                "pos_x_m": 73.7925792607,
                "pos_y_m": 8.6686357665,
                "relative_speed_x_mps": -5.1787948917,
                "relative_speed_y_mps": 2.5000000000,
                "absolute_speed_x_mps": -5.0517060536,
                "absolute_speed_y_mps": 1.3894678261,
                "on_coming": false
            },
            {
                "id": 16,
                "status": 4,
                "lateral_rate_mps": 1.7500000000,
                "angle_deg": -1.9000000000,
                "range_m": 109.4000000000,
                "acceleration_mps2": 1.0000000000,
                "speed_mps": -4.0900000000,
                "width_m": 0.0000000000,
                "pos_x_m": 109.3398536240,
                "pos_y_m": 3.6271765157,
                "relative_speed_x_mps": -4.7328364000,
                "relative_speed_y_mps": 1.7500000000,
                "absolute_speed_x_mps": -4.6796592149,
                "absolute_speed_y_mps": 0.1183175648,
                "on_coming": false
            },
            {
                "id": 25,
                "status": 3,
                "lateral_rate_mps": 0.2500000000,
                "angle_deg": -15.2000000000,
                "range_m": 36.8000000000,
                "acceleration_mps2": 0.9500000000,
                "speed_mps": -3.9500000000,
                "width_m": 0.0000000000,
                "pos_x_m": 35.5126069966,
                "pos_y_m": 9.6485617740,
                "relative_speed_x_mps": -4.0407678625,
                "relative_speed_y_mps": 0.2500000000,
                "absolute_speed_x_mps": -3.8993125588,
                "absolute_speed_y_mps": -0.2993184689,
                "on_coming": false
            },
            {
                "id": 28,
                "status": 3,
                "lateral_rate_mps": 0.2500000000,
                "angle_deg": 4.9000000000,
                "range_m": 4.9000000000,
                "acceleration_mps2": 0.0500000000,
                "speed_mps": -0.3900000000,
                "width_m": 0.0000000000,
                "pos_x_m": 4.8820919513,
                "pos_y_m": -0.4185429234,
                "relative_speed_x_mps": -0.5435586063,
                "relative_speed_y_mps": 0.2500000000,
                "absolute_speed_x_mps": -0.5496947661,
                "absolute_speed_y_mps": 0.1497483360,
                "on_coming": false
            },
            {
                "id": 30,
                "status": 4,
                "lateral_rate_mps": 0.7500000000,
                "angle_deg": -11.3000000000,
                "range_m": 56.1000000000,
                "acceleration_mps2": -0.4500000000,
                "speed_mps": -3.1900000000,
                "width_m": 0.0000000000,
                "pos_x_m": 55.0124823445,
                "pos_y_m": 10.9925786920,
                "relative_speed_x_mps": -3.2794559225,
                "relative_speed_y_mps": 0.7500000000,
                "absolute_speed_x_mps": -3.1182963017,
                "absolute_speed_y_mps": -0.0852015729,
                "on_coming": false
            },
            {
                "id": 32,
                "status": 4,
                "lateral_rate_mps": 1.7500000000,
                "angle_deg": -3.2000000000,
                "range_m": 52.0000000000,
                "acceleration_mps2": -0.8000000000,
                "speed_mps": -3.3700000000,
                "width_m": 0.0000000000,
                "pos_x_m": 51.9189197375,
                "pos_y_m": 2.9027182596,
                "relative_speed_x_mps": -4.1068843626,
                "relative_speed_y_mps": 1.7500000000,
                "absolute_speed_x_mps": -4.0643282903,
                "absolute_speed_y_mps": 0.9601524237,
                "on_coming": false
            },
            {
                "id": 39,
                "status": 4,
                "lateral_rate_mps": 0.2500000000,
                "angle_deg": -5.5000000000,
                "range_m": 44.8000000000,
                "acceleration_mps2": 0.1500000000,
                "speed_mps": -0.4400000000,
                "width_m": 0.0000000000,
                "pos_x_m": 44.5937496868,
                "pos_y_m": 4.2938897129,
                "relative_speed_x_mps": -0.5474421295,
                "relative_speed_y_mps": 0.2500000000,
                "absolute_speed_x_mps": -0.4844904184,
                "absolute_speed_y_mps": -0.4324549743,
                "on_coming": false
            },
            {
                "id": 44,
                "status": 4,
                "lateral_rate_mps": 1.2500000000,
                "angle_deg": -4.0000000000,
                "range_m": 62.4000000000,
                "acceleration_mps2": 0.2000000000,
                "speed_mps": -3.9800000000,
                "width_m": 0.0000000000,
                "pos_x_m": 62.2479967362,
                "pos_y_m": 4.3528039616,
                "relative_speed_x_mps": -4.2840430909,
                "relative_speed_y_mps": 1.2500000000,
                "absolute_speed_x_mps": -4.2202276518,
                "absolute_speed_y_mps": 0.3087202458,
                "on_coming": false
            },
            {
                "id": 60,
                "status": 1,
                "lateral_rate_mps": -0.0000000000,
                "angle_deg": -10.3000000000,
                "range_m": 36.8000000000,
                "acceleration_mps2": 0.0000000000,
                "speed_mps": -3.9800000000,
                "width_m": 0.0000000000,
                "pos_x_m": 36.2069693960,
                "pos_y_m": 6.5799215163,
                "relative_speed_x_mps": -4.0451880520,
                "relative_speed_y_mps": -0.0000000000,
                "absolute_speed_x_mps": -3.9487213642,
                "absolute_speed_y_mps": -0.5594983534,