{
    "in_vehicle": {
        "wheel_speed_mps": 1.9794618056,
        "yaw_rate_dps": -0.4200000000,
        "acceleration_x_mps2": 0.3100000000,
        "acceleration_y_mps2": 0.0700000000,
        "turn_signal": 0,
        "steering_angle_deg": 0.7000000000,
        "gear": 3
    },
    "scc_radar": {
        "object_count": 19,
        "objects_info": [
            {
                "id": 0,
                "status": 2,
                "lateral_rate_mps": 0.2500000000,
                "angle_deg": 19.3000000000,
                "range_m": 12.7000000000,
                "acceleration_mps2": 0.0000000000,
                "speed_mps": 9.2300000000,
                "width_m": 0.0000000000,
                "pos_x_m": 11.9862720851,
                "pos_y_m": -4.1975327875,
                "relative_speed_x_mps": 9.6985021464,
                "relative_speed_y_mps": 0.2500000000,
                "absolute_speed_x_mps": 9.6677326240,
                "absolute_speed_y_mps": 0.1477978077,
                "on_coming": false
            },
            {
                "id": 5,
                "status": 7,
                "lateral_rate_mps": 1.0000000000,
                "angle_deg": 6.6000000000,
                "range_m": 59.5000000000,
                "acceleration_mps2": 0.0000000000,
                "speed_mps": 10.8300000000,
                "width_m": 0.0000000000,
                "pos_x_m": 59.1056795532,
                "pos_y_m": -6.8387604543,
                "relative_speed_x_mps": 10.8788608823,
                "relative_speed_y_mps": 1.0000000000,
                "absolute_speed_x_mps": 10.8287301499,
                "absolute_speed_y_mps": 0.5523945109,
                "on_coming": false
            },
            {
                "id": 7,
                "status": 3,
                "lateral_rate_mps": -2.2500000000,
                "angle_deg": -4.9000000000,
                "range_m": 55.2000000000,
                "acceleration_mps2": 0.1500000000,
                "speed_mps": 8.9200000000,
                "width_m": 2.0000000000,
                "pos_x_m": 54.9982603497,
                "pos_y_m": 4.7150141572,
                "relative_speed_x_mps": 9.3198476494,
                "relative_speed_y_mps": -2.2500000000,
                "absolute_speed_x_mps": 9.3544105084,
                "absolute_speed_y_mps": -2.6674965338,
                "on_coming": false
            },
            {
                "id": 9,
                "status": 2,
                "lateral_rate_mps": 3.0000000000,
                "angle_deg": 2.6000000000,
                "range_m": 55.9000000000,
                "acceleration_mps2": 0.0000000000,
                "speed_mps": 8.5900000000,
                "width_m": 2.5000000000,
                "pos_x_m": 55.8424548513,
                "pos_y_m": -2.5357910364,
                "relative_speed_x_mps": 9.4665718831,
                "relative_speed_y_mps": 3.0000000000,
                "absolute_speed_x_mps": 9.4479835640,
                "absolute_speed_y_mps": 2.5763151973,
                "on_coming": false
            },
            {
                "id": 10,
                "status": 2,
                "lateral_rate_mps": -0.0000000000,
                "angle_deg": -3.7000000000,
                "range_m": 74.0000000000,
                "acceleration_mps2": 0.0000000000,
                "speed_mps": 13.8200000000,
                "width_m": 0.0000000000,
                "pos_x_m": 73.8457557521,
                "pos_y_m": 4.7753908107,
                "relative_speed_x_mps": 13.8488663239,
                "relative_speed_y_mps": -0.0000000000,
                "absolute_speed_x_mps": 13.8838717669,
                "absolute_speed_y_mps": -0.5556558910,
                "on_coming": false
            },
            {
                "id": 15,
                "status": 1,
                "lateral_rate_mps": -0.0000000000,
                "angle_deg": 12.1000000000,
                "range_m": 22.5000000000,
                "acceleration_mps2": 0.0000000000,
                "speed_mps": -27.7400000000,
                "width_m": 0.0000000000,
                "pos_x_m": 22.0001228271,
                "pos_y_m": -4.7164176653,
                "relative_speed_x_mps": -28.3702961527,
                "relative_speed_y_mps": -0.0000000000,
                "absolute_speed_x_mps": -28.4048692999,
                "absolute_speed_y_mps": -0.1756075521,
                "on_coming": false
            },
            {
                "id": 16,
                "status": 3,
                "lateral_rate_mps": 1.7500000000,
                "angle_deg": 1.3000000000,
                "range_m": 51.1000000000,
                "acceleration_mps2": -0.0500000000,
                "speed_mps": -1.9700000000,
                "width_m": 0.0000000000,
                "pos_x_m": 51.0868473364,
                "pos_y_m": -1.1593227456,
                "relative_speed_x_mps": -3.1884142510,
                "relative_speed_y_mps": 1.7500000000,
                "absolute_speed_x_mps": -3.1969125306,
                "absolute_speed_y_mps": 1.3611756211,
                "on_coming": false
            },
            {
                "id": 17,
                "status": 3,
                "lateral_rate_mps": 4.0000000000,
                "angle_deg": 1.7000000000,
                "range_m": 76.5000000000,
                "acceleration_mps2": 0.3000000000,
                "speed_mps": 13.4300000000,
                "width_m": 2.5000000000,
                "pos_x_m": 76.4663292991,
                "pos_y_m": -2.2694676725,
                "relative_speed_x_mps": 14.4688534917,
                "relative_speed_y_mps": 4.0000000000,
                "absolute_speed_x_mps": 14.4522174248,
                "absolute_speed_y_mps": 3.4251343016,
                "on_coming": false
            },
            {
                "id": 26,
                "status": 3,
                "lateral_rate_mps": 2.5000000000,
                "angle_deg": -1.0000000000,
                "range_m": 59.9000000000,
                "acceleration_mps2": -0.0500000000,
                "speed_mps": -1.9500000000,
                "width_m": 0.0000000000,
                "pos_x_m": 59.8908769399,
                "pos_y_m": 1.0453991456,
                "relative_speed_x_mps": -4.0168831177,
                "relative_speed_y_mps": 2.5000000000,
                "absolute_speed_x_mps": -4.0092199417,
                "absolute_speed_y_mps": 2.0466387134,
                "on_coming": false
            },
            {
                "id": 29,
                "status": 3,
                "lateral_rate_mps": 4.7500000000,
                "angle_deg": -8.0000000000,
                "range_m": 55.4000000000,
                "acceleration_mps2": 0.0000000000,
                "speed_mps": 11.9500000000,
                "width_m": 0.0000000000,
                "pos_x_m": 54.8608510083,
                "pos_y_m": 7.7101897932,
                "relative_speed_x_mps": 14.3981054443,
                "relative_speed_y_mps": 4.7500000000,
                "absolute_speed_x_mps": 14.4546240874,
                "absolute_speed_y_mps": 4.3335107293,
                "on_coming": false
            },
            {
                "id": 30,
                "status": 3,
                "lateral_rate_mps": -2.0000000000,
                "angle_deg": -0.7000000000,
                "range_m": 55.1000000000,
                "acceleration_mps2": -0.2000000000,
                "speed_mps": 8.6300000000,
                "width_m": 0.0000000000,
                "pos_x_m": 55.0958878683,
                "pos_y_m": 0.6731567460,
                "relative_speed_x_mps": 9.0590739595,
                "relative_speed_y_mps": -2.0000000000,
                "absolute_speed_x_mps": 9.0640084561,
                "absolute_speed_y_mps": -2.4182121809,