{
    "in_vehicle": {
        "wheel_speed_mps": 2.5049826389,
        "yaw_rate_dps": -6.1000000000,
        "acceleration_x_mps2": 0.0000000000,
        "acceleration_y_mps2": -0.2400000000,
        "turn_signal": 1,
        "steering_angle_deg": -102.1000000000,
        "gear": 3
    },
    "scc_radar": {
        "object_count": 13,
        "objects_info": [
            {
                "id": 1,
                "status": 3,
                "lateral_rate_mps": 4.7500000000,
                "angle_deg": -8.7000000000,
                "range_m": 31.3000000000,
                "acceleration_mps2": -0.1500000000,
                "speed_mps": -0.5900000000,
                "width_m": 0.0000000000,
                "pos_x_m": 30.9398586571,
                "pos_y_m": 4.7344636737,
                "relative_speed_x_mps": -6.7187719096,
                "relative_speed_y_mps": 4.7500000000,
                "absolute_speed_x_mps": -6.2147168351,
                "absolute_speed_y_mps": 1.2477396326,
                "on_coming": false
            },
            {
                "id": 2,
                "status": 3,
                "lateral_rate_mps": 1.5000000000,
                "angle_deg": -2.6000000000,
                "range_m": 25.6000000000,
                "acceleration_mps2": 0.4500000000,
                "speed_mps": 1.7300000000,
                "width_m": 0.0000000000,
                "pos_x_m": 25.5736465866,
                "pos_y_m": 1.1612924961,
                "relative_speed_x_mps": 2.7820191361,
                "relative_speed_y_mps": 1.5000000000,
                "absolute_speed_x_mps": 2.9056562397,
                "absolute_speed_y_mps": -1.4309461466,
                "on_coming": false
            },
            {
                "id": 3,
                "status": 2,
                "lateral_rate_mps": 2.0000000000,
                "angle_deg": -9.1000000000,
                "range_m": 98.0000000000,
                "acceleration_mps2": 0.0000000000,
                "speed_mps": -2.4100000000,
                "width_m": 0.0000000000,
                "pos_x_m": 96.7665530616,
                "pos_y_m": 15.4994905909,
                "relative_speed_x_mps": -3.5349645422,
                "relative_speed_y_mps": 2.0000000000,
                "absolute_speed_x_mps": -1.8848099687,
                "absolute_speed_y_mps": -8.5105049411,
                "on_coming": false
            },
            {
                "id": 6,
                "status": 3,
                "lateral_rate_mps": 6.2500000000,
                "angle_deg": -5.2000000000,
                "range_m": 60.0000000000,
                "acceleration_mps2": -0.0500000000,
                "speed_mps": 1.6400000000,
                "width_m": 0.0000000000,
                "pos_x_m": 59.7530639170,
                "pos_y_m": 5.4379548119,
                "relative_speed_x_mps": 9.1122861815,
                "relative_speed_y_mps": 6.2500000000,
                "absolute_speed_x_mps": 9.6912384994,
                "absolute_speed_y_mps": -0.3198606964,
                "on_coming": false
            },
            {
                "id": 10,
                "status": 4,
                "lateral_rate_mps": 2.5000000000,
                "angle_deg": 2.5000000000,
                "range_m": 60.3000000000,
                "acceleration_mps2": 3.7500000000,
                "speed_mps": 7.3200000000,
                "width_m": 0.0000000000,
                "pos_x_m": 60.2426077614,
                "pos_y_m": -2.6302490581,
                "relative_speed_x_mps": 8.0372224239,
                "relative_speed_y_mps": 2.5000000000,
                "absolute_speed_x_mps": 7.7571927360,
                "absolute_speed_y_mps": -4.1219800231,
                "on_coming": false
            },
            {
                "id": 15,
                "status": 3,
                "lateral_rate_mps": 4.7500000000,
                "angle_deg": 4.2000000000,
                "range_m": 4.9000000000,
                "acceleration_mps2": 0.0500000000,
                "speed_mps": 1.0400000000,
                "width_m": 0.0000000000,
                "pos_x_m": 4.8868409384,
                "pos_y_m": -0.3588671659,
                "relative_speed_x_mps": 6.7532667199,
                "relative_speed_y_mps": 4.7500000000,
                "absolute_speed_x_mps": 6.7150598968,
                "absolute_speed_y_mps": 4.0214763622,
                "on_coming": false
            },
            {
                "id": 20,
                "status": 3,
                "lateral_rate_mps": 2.2500000000,
                "angle_deg": 1.7000000000,
                "range_m": 45.5000000000,
                "acceleration_mps2": 0.3000000000,
                "speed_mps": 4.6900000000,
                "width_m": 0.0000000000,
                "pos_x_m": 45.4799736354,
                "pos_y_m": -1.3498141059,
                "relative_speed_x_mps": 5.6141141134,
                "relative_speed_y_mps": 2.2500000000,
                "absolute_speed_x_mps": 5.4704060408,
                "absolute_speed_y_mps": -2.8002749353,
                "on_coming": false
            },
            {
                "id": 24,
                "status": 3,
                "lateral_rate_mps": 1.0000000000,
                "angle_deg": 11.0000000000,
                "range_m": 4.9000000000,
                "acceleration_mps2": -2.4000000000,
                "speed_mps": 0.6400000000,
                "width_m": 0.0000000000,
                "pos_x_m": 4.8099731989,
                "pos_y_m": -0.9349640773,
                "relative_speed_x_mps": 1.4864038056,
                "relative_speed_y_mps": 1.0000000000,
                "absolute_speed_x_mps": 1.3868627762,
                "absolute_speed_y_mps": 0.2796600925,
                "on_coming": false
            },
            {
                "id": 28,
                "status": 3,
                "lateral_rate_mps": 2.5000000000,
                "angle_deg": -13.9000000000,
                "range_m": 16.4000000000,
                "acceleration_mps2": 0.6000000000,
                "speed_mps": 2.2000000000,
                "width_m": 0.0000000000,
                "pos_x_m": 15.9197502979,
                "pos_y_m": 3.9397398966,
                "relative_speed_x_mps": 4.5632817551,
                "relative_speed_y_mps": 2.5000000000,
                "absolute_speed_x_mps": 4.9827264956,
                "absolute_speed_y_mps": 0.5968567363,
                "on_coming": false
            },
            {
                "id": 38,
                "status": 1,
                "lateral_rate_mps": -0.0000000000,
                "angle_deg": -15.1000000000,
                "range_m": 35.2000000000,
                "acceleration_mps2": 0.0000000000,
                "speed_mps": -2.3000000000,
                "width_m": 0.0000000000,
                "pos_x_m": 33.9846366069,
                "pos_y_m": 9.1697587042,
                "relative_speed_x_mps": -2.3822529261,
                "relative_speed_y_mps": -0.0000000000,
                "absolute_speed_x_mps": -1.4059937920,
                "absolute_speed_y_mps": -3.8264229087,
                "on_coming": false
            },
            {
                "id": 42,
                "status": 1,
                "lateral_rate_mps": -0.0000000000,
                "angle_deg": -11.4000000000,
                "range_m": 41.6000000000,
                "acceleration_mps2": 0.0000000000,
                "speed_mps": -1.9000000000,
                "width_m": 0.0000000000,
                "pos_x_m": 40.7792808643,
                "pos_y_m": 8.2225453598,
                "relative_speed_x_mps": -1.9382391824,
                "relative_speed_y_mps": -0.0000000000,
                "absolute_speed_x_mps": -1.0628251969,
                "absolute_speed_y_mps": -4.5498152829,