{
    "in_vehicle": {
        "wheel_speed_mps": 3.0690416667,
        "yaw_rate_dps": -2.5500000000,
        "acceleration_x_mps2": -0.9100000000,
        "acceleration_y_mps2": 0.0000000000,
        "turn_signal": 1,
        "steering_angle_deg": -30.3000000000,
        "gear": 3
    },
    "scc_radar": {
        "object_count": 8,
        "objects_info": [
            {
                "id": 1,
                "status": 1,
                "lateral_rate_mps": -0.0000000000,
                "angle_deg": -2.2000000000,
                "range_m": 31.0000000000,
                "acceleration_mps2": 0.0000000000,
                "speed_mps": -0.2500000000,
                "width_m": 0.0000000000,
                "pos_x_m": 30.9771504087,
                "pos_y_m": 1.1900220817,
                "relative_speed_x_mps": -0.2501844068,
                "relative_speed_y_mps": -0.0000000000,
                "absolute_speed_x_mps": -0.1972214079,
                "absolute_speed_y_mps": -1.4657193646,
                "on_coming": false
            },
            {
                "id": 2,
                "status": 3,
                "lateral_rate_mps": 0.2500000000,
                "angle_deg": 1.3000000000,
                "range_m": 23.3000000000,
                "acceleration_mps2": 0.0500000000,
                "speed_mps": 0.9600000000,
                "width_m": 0.0000000000,
                "pos_x_m": 23.2940027972,
                "pos_y_m": -0.5286148722,
                "relative_speed_x_mps": 1.0179446271,
                "relative_speed_y_mps": 0.2500000000,
                "absolute_speed_x_mps": 0.9944181486,
                "absolute_speed_y_mps": -0.8737739966,
                "on_coming": false
            },
            {
                "id": 10,
                "status": 4,
                "lateral_rate_mps": 2.7500000000,
                "angle_deg": 5.4000000000,
                "range_m": 53.2000000000,
                "acceleration_mps2": 0.6000000000,
                "speed_mps": 2.0900000000,
                "width_m": 0.0000000000,
                "pos_x_m": 52.9638965169,
                "pos_y_m": -5.0065622685,
                "relative_speed_x_mps": 4.3021232818,
                "relative_speed_y_mps": 2.7500000000,
                "absolute_speed_x_mps": 4.0793017425,
                "absolute_speed_y_mps": 0.3057408014,
                "on_coming": false
            },
            {
                "id": 20,
                "status": 3,
                "lateral_rate_mps": 1.0000000000,
                "angle_deg": 7.6000000000,
                "range_m": 38.9000000000,
                "acceleration_mps2": 1.5500000000,
                "speed_mps": 3.8800000000,
                "width_m": 0.0000000000,
                "pos_x_m": 38.5582845158,
                "pos_y_m": -5.1447735810,
                "relative_speed_x_mps": 4.0367855936,
                "relative_speed_y_mps": 1.0000000000,
                "absolute_speed_x_mps": 3.8078128360,
                "absolute_speed_y_mps": -0.8031245302,
                "on_coming": false
            },
            {
                "id": 25,
                "status": 4,
                "lateral_rate_mps": 0.5000000000,
                "angle_deg": -21.1000000000,
                "range_m": 29.8000000000,
                "acceleration_mps2": 0.6500000000,
                "speed_mps": -3.0200000000,
                "width_m": 0.0000000000,
                "pos_x_m": 27.8020153378,
                "pos_y_m": 10.7279048820,
                "relative_speed_x_mps": -3.1251448071,
                "relative_speed_y_mps": 0.5000000000,
                "absolute_speed_x_mps": -2.6476897890,
                "absolute_speed_y_mps": -0.8244071336,
                "on_coming": false
            },
            {
                "id": 28,
                "status": 3,
                "lateral_rate_mps": -0.0000000000,
                "angle_deg": -2.6000000000,
                "range_m": 8.5000000000,
                "acceleration_mps2": 0.5000000000,
                "speed_mps": 0.1100000000,
                "width_m": 2.5000000000,
                "pos_x_m": 8.4912498432,
                "pos_y_m": 0.3855853991,
                "relative_speed_x_mps": 0.1101133540,
                "relative_speed_y_mps": -0.0000000000,
                "absolute_speed_x_mps": 0.1272741777,
                "absolute_speed_y_mps": -0.4649642142,
                "on_coming": false
            },
            {
                "id": 45,
                "status": 4,
                "lateral_rate_mps": 1.0000000000,
                "angle_deg": 21.1000000000,
                "range_m": 46.1000000000,
                "acceleration_mps2": 0.4000000000,
                "speed_mps": -3.3800000000,
                "width_m": 0.0000000000,
                "pos_x_m": 43.0091579555,
                "pos_y_m": -16.5958528543,
                "relative_speed_x_mps": -4.2509108011,
                "relative_speed_y_mps": 1.0000000000,
                "absolute_speed_x_mps": -4.9895241011,
                "absolute_speed_y_mps": -1.0012146403,
                "on_coming": false
            },
            {
                "id": 58,
                "status": 1,
                "lateral_rate_mps": -0.0000000000,
                "angle_deg": -13.6000000000,
                "range_m": 4.4000000000,
                "acceleration_mps2": 0.0000000000,
                "speed_mps": 0.1800000000,
                "width_m": 0.0000000000,
                "pos_x_m": 4.2766284025,
                "pos_y_m": 1.0346252977,
                "relative_speed_x_mps": 0.1851926156,
                "relative_speed_y_mps": -0.0000000000,
                "absolute_speed_x_mps": 0.2312395415,
                "absolute_speed_y_mps": -0.2773887110,
                "on_coming": false
            }
        ]
    },
    "backlight": {
        "max_intensity": 144
    },
    "sync": {
        "tick_frame": 42
    },
    "gps": {
        "latitude_deg": 37.5273342944,
        "longitude_deg": 126.9531231249,
        "heading_deg": 172.3200000000,
        "height_m": 43.0350000000
    }
}