{
    "in_vehicle": {
        "wheel_speed_mps": 6.9438819444,
        "yaw_rate_dps": 0.3700000000,
        "acceleration_x_mps2": -0.2700000000,
        "acceleration_y_mps2": -0.3800000000,
        "turn_signal": 0,
        "steering_angle_deg": 3.6000000000,
        "gear": 3
    },
    "scc_radar": {
        "object_count": 26,
        "objects_info": [
            {
                "id": 0,
                "status": 4,
                "lateral_rate_mps": -4.2500000000,
                "angle_deg": 8.6000000000,
                "range_m": 114.1000000000,
                "acceleration_mps2": 0.3500000000,
                "speed_mps": -7.1500000000,
                "width_m": 0.0000000000,
                "pos_x_m": 112.8171030775,
                "pos_y_m": -17.0619826869,
                "relative_speed_x_mps": -8.9181861136,
                "relative_speed_y_mps": -4.2500000000,
                "absolute_speed_x_mps": -8.8080046370,
                "absolute_speed_y_mps": -3.5088276397,
                "on_coming": false
            },
            {
                "id": 3,
                "status": 3,
                "lateral_rate_mps": -1.0000000000,
                "angle_deg": -3.5000000000,
                "range_m": 28.9000000000,
                "acceleration_mps2": 1.6000000000,
                "speed_mps": -0.0400000000,
                "width_m": 0.0000000000,
                "pos_x_m": 28.8460956744,
                "pos_y_m": 1.7643027926,
                "relative_speed_x_mps": -1.4178325023,
                "relative_speed_y_mps": -1.0000000000,
                "absolute_speed_x_mps": -1.4292258726,
                "absolute_speed_y_mps": -0.8010887452,
                "on_coming": false
            },
            {
                "id": 6,
                "status": 3,
                "lateral_rate_mps": -0.5000000000,
                "angle_deg": -21.3000000000,
                "range_m": 25.4000000000,
                "acceleration_mps2": 2.5500000000,
                "speed_mps": -3.4100000000,
                "width_m": 0.0000000000,
                "pos_x_m": 23.6649571807,
                "pos_y_m": 9.2265812540,
                "relative_speed_x_mps": -3.9192678315,
                "relative_speed_y_mps": -0.5000000000,
                "absolute_speed_x_mps": -3.9788504935,
                "absolute_speed_y_mps": -0.3345470777,
                "on_coming": false
            },
            {
                "id": 7,
                "status": 3,
                "lateral_rate_mps": 0.5000000000,
                "angle_deg": 11.7000000000,
                "range_m": 16.0000000000,
                "acceleration_mps2": 1.2500000000,
                "speed_mps": 7.1200000000,
                "width_m": 2.5000000000,
                "pos_x_m": 15.6675649699,
                "pos_y_m": -3.2445967257,
                "relative_speed_x_mps": 7.2023225016,
                "relative_speed_y_mps": 0.5000000000,
                "absolute_speed_x_mps": 7.2232751931,
                "absolute_speed_y_mps": 0.6138080168,
                "on_coming": false
            },
            {
                "id": 9,
                "status": 3,
                "lateral_rate_mps": 0.7500000000,
                "angle_deg": -6.9000000000,
                "range_m": 76.5000000000,
                "acceleration_mps2": 1.5500000000,
                "speed_mps": 5.2200000000,
                "width_m": 0.0000000000,
                "pos_x_m": 75.9459366576,
                "pos_y_m": 9.1904681708,
                "relative_speed_x_mps": 5.4529914476,
                "relative_speed_y_mps": 0.7500000000,
                "absolute_speed_x_mps": 5.3936419938,
                "absolute_speed_y_mps": 1.2530687567,
                "on_coming": false
            },
            {
                "id": 13,
                "status": 3,
                "lateral_rate_mps": 0.2500000000,
                "angle_deg": -1.8000000000,
                "range_m": 10.5000000000,
                "acceleration_mps2": 0.7000000000,
                "speed_mps": -0.8300000000,
                "width_m": 1.5000000000,
                "pos_x_m": 10.4948188838,
                "pos_y_m": 0.3298129703,
                "relative_speed_x_mps": -0.8953176818,
                "relative_speed_y_mps": 0.2500000000,
                "absolute_speed_x_mps": -0.8974475210,
                "absolute_speed_y_mps": 0.3304038801,
                "on_coming": false
            },
            {
                "id": 16,
                "status": 1,
                "lateral_rate_mps": -0.0000000000,
                "angle_deg": 18.2000000000,
                "range_m": 30.8000000000,
                "acceleration_mps2": 0.0000000000,
                "speed_mps": -6.5500000000,
                "width_m": 0.0000000000,
                "pos_x_m": 29.2591391870,
                "pos_y_m": -9.6199154902,
                "relative_speed_x_mps": -6.8949396874,
                "relative_speed_y_mps": -0.0000000000,
                "absolute_speed_x_mps": -6.8328169838,
                "absolute_speed_y_mps": 0.2015785735,
                "on_coming": false
            },
            {
                "id": 17,
                "status": 3,
                "lateral_rate_mps": 0.2500000000,
                "angle_deg": -5.7000000000,
                "range_m": 55.1000000000,
                "acceleration_mps2": 1.9500000000,
                "speed_mps": 2.8000000000,
                "width_m": 0.0000000000,
                "pos_x_m": 54.8275619049,
                "pos_y_m": 5.4725182109,
                "relative_speed_x_mps": 2.8607976311,
                "relative_speed_y_mps": 0.2500000000,
                "absolute_speed_x_mps": 2.8254576505,
                "absolute_speed_y_mps": 0.6166922430,
                "on_coming": false
            },
            {
                "id": 20,
                "status": 3,
                "lateral_rate_mps": 1.5000000000,
                "angle_deg": -9.4000000000,
                "range_m": 133.9000000000,
                "acceleration_mps2": -0.2000000000,
                "speed_mps": 4.3400000000,
                "width_m": 0.0000000000,
                "pos_x_m": 132.1020124392,
                "pos_y_m": 21.8693463441,
                "relative_speed_x_mps": 5.1086461346,
                "relative_speed_y_mps": 1.5000000000,
                "absolute_speed_x_mps": 4.9674200580,
                "absolute_speed_y_mps": 2.3657088711,
                "on_coming": false
            },
            {
                "id": 21,
                "status": 3,
                "lateral_rate_mps": -2.5000000000,
                "angle_deg": -24.7000000000,
                "range_m": 30.9000000000,
                "acceleration_mps2": 0.0500000000,
                "speed_mps": -6.4500000000,
                "width_m": 0.0000000000,
                "pos_x_m": 28.0729026856,
                "pos_y_m": 12.9120925805,
                "relative_speed_x_mps": -8.9751306099,
                "relative_speed_y_mps": -2.5000000000,
                "absolute_speed_x_mps": -9.0585132656,
                "absolute_speed_y_mps": -2.3060818076,
                "on_coming": false
            },
            {
                "id": 24,
                "status": 3,
                "lateral_rate_mps": 0.7500000000,
                "angle_deg": 8.9000000000,
                "range_m": 29.0000000000,
                "acceleration_mps2": 0.4500000000,
                "speed_mps": -0.1900000000,
                "width_m": 0.0000000000,
                "pos_x_m": 28.6508361073,
                "pos_y_m": -4.4866012027,
                "relative_speed_x_mps": -1.1049672964,
                "relative_speed_y_mps": 0.7500000000,
                "absolute_speed_x_mps": -1.0759940900,
                "absolute_speed_y_mps": 0.9476503236,