{
    "in_vehicle": {
        "wheel_speed_mps": 2.5189965278,
        "yaw_rate_dps": -4.7000000000,
        "acceleration_x_mps2": -0.2700000000,
        "acceleration_y_mps2": -0.3200000000,
        "turn_signal": 1,
        "steering_angle_deg": -86.3000000000,
        "gear": 3
    },
    "scc_radar": {
        "object_count": 10,
        "objects_info": [
            {
                "id": 1,
                "status": 3,
                "lateral_rate_mps": 4.2500000000,
                "angle_deg": -4.6000000000,
                "range_m": 31.1000000000,
                "acceleration_mps2": -0.0500000000,
                "speed_mps": -0.3300000000,
                "width_m": 0.0000000000,
                "pos_x_m": 30.9998231200,
                "pos_y_m": 2.4941865466,
                "relative_speed_x_mps": -6.0104174884,
                "relative_speed_y_mps": 4.2500000000,
                "absolute_speed_x_mps": -5.8058181816,
                "absolute_speed_y_mps": 1.5466181806,
                "on_coming": false
            },
            {
                "id": 2,
                "status": 3,
                "lateral_rate_mps": 0.7500000000,
                "angle_deg": -0.7000000000,
                "range_m": 24.8000000000,
                "acceleration_mps2": 0.5500000000,
                "speed_mps": 1.6500000000,
                "width_m": 1.0000000000,
                "pos_x_m": 24.7981491676,
                "pos_y_m": 0.3029816207,
                "relative_speed_x_mps": 1.9693227178,
                "relative_speed_y_mps": 0.7500000000,
                "absolute_speed_x_mps": 1.9941764441,
                "absolute_speed_y_mps": -1.4446555603,
                "on_coming": false
            },
            {
                "id": 10,
                "status": 4,
                "lateral_rate_mps": 2.5000000000,
                "angle_deg": 2.6000000000,
                "range_m": 57.1000000000,
                "acceleration_mps2": 3.7500000000,
                "speed_mps": 5.5200000000,
                "width_m": 0.0000000000,
                "pos_x_m": 57.0412195350,
                "pos_y_m": -2.5902266222,
                "relative_speed_x_mps": 6.4646360214,
                "relative_speed_y_mps": 2.5000000000,
                "absolute_speed_x_mps": 6.2521585017,
                "absolute_speed_y_mps": -2.3395699329,
                "on_coming": false
            },
            {
                "id": 14,
                "status": 4,
                "lateral_rate_mps": 0.2500000000,
                "angle_deg": -18.2000000000,
                "range_m": 9.5000000000,
                "acceleration_mps2": 0.0500000000,
                "speed_mps": 0.9900000000,
                "width_m": 0.0000000000,
                "pos_x_m": 9.0247344895,
                "pos_y_m": 2.9671817259,
                "relative_speed_x_mps": 1.1786101398,
                "relative_speed_y_mps": 0.2500000000,
                "absolute_speed_x_mps": 1.4220094657,
                "absolute_speed_y_mps": -0.6507548643,
                "on_coming": false
            },
            {
                "id": 20,
                "status": 3,
                "lateral_rate_mps": 1.2500000000,
                "angle_deg": 5.1000000000,
                "range_m": 43.1000000000,
                "acceleration_mps2": 0.7000000000,
                "speed_mps": 4.6800000000,
                "width_m": 0.0000000000,
                "pos_x_m": 42.9293699192,
                "pos_y_m": -3.8313441949,
                "relative_speed_x_mps": 4.9158878799,
                "relative_speed_y_mps": 1.2500000000,
                "absolute_speed_x_mps": 4.6016008963,
                "absolute_speed_y_mps": -2.4319682080,
                "on_coming": false
            },
            {
                "id": 24,
                "status": 3,
                "lateral_rate_mps": 0.5000000000,
                "angle_deg": 17.4000000000,
                "range_m": 5.4000000000,
                "acceleration_mps2": -0.6500000000,
                "speed_mps": 1.4600000000,
                "width_m": 0.0000000000,
                "pos_x_m": 5.1528977740,
                "pos_y_m": -1.6148202782,
                "relative_speed_x_mps": 1.5446729017,
                "relative_speed_y_mps": 0.5000000000,
                "absolute_speed_x_mps": 1.4122084275,
                "absolute_speed_y_mps": -0.0831462600,
                "on_coming": false
            },
            {
                "id": 28,
                "status": 3,
                "lateral_rate_mps": 2.0000000000,
                "angle_deg": -9.9000000000,
                "range_m": 15.3000000000,
                "acceleration_mps2": 1.3000000000,
                "speed_mps": 2.0700000000,
                "width_m": 0.5000000000,
                "pos_x_m": 15.0721726902,
                "pos_y_m": 2.6305152343,
                "relative_speed_x_mps": 3.7422176648,
                "relative_speed_y_mps": 2.0000000000,
                "absolute_speed_x_mps": 3.9580000785,
                "absolute_speed_y_mps": 0.6031709085,
                "on_coming": false
            },
            {
                "id": 29,
                "status": 4,
                "lateral_rate_mps": 1.2500000000,
                "angle_deg": 13.1000000000,
                "range_m": 25.0000000000,
                "acceleration_mps2": 1.3000000000,
                "speed_mps": 8.3800000000,
                "width_m": 0.0000000000,
                "pos_x_m": 24.3493991820,
                "pos_y_m": -5.6662826859,
                "relative_speed_x_mps": 8.4989042062,
                "relative_speed_y_mps": 1.2500000000,
                "absolute_speed_x_mps": 8.0340963469,
                "absolute_speed_y_mps": -0.9078443859,
                "on_coming": false
            },
            {
                "id": 57,
                "status": 1,
                "lateral_rate_mps": -0.0000000000,
                "angle_deg": 18.1000000000,
                "range_m": 3.8000000000,
                "acceleration_mps2": 0.0000000000,
                "speed_mps": 21.2000000000,
                "width_m": 0.0000000000,
                "pos_x_m": 3.6119597802,
                "pos_y_m": -1.1805704326,
                "relative_speed_x_mps": 22.3036813538,
                "relative_speed_y_mps": -0.0000000000,
                "absolute_speed_x_mps": 22.2068386006,
                "absolute_speed_y_mps": -0.4567423847,
                "on_coming": false
            },
            {
                "id": 58,
                "status": 3,
                "lateral_rate_mps": 1.0000000000,
                "angle_deg": -20.0000000000,
                "range_m": 4.9000000000,
                "acceleration_mps2": 0.8000000000,
                "speed_mps": 0.7700000000,
                "width_m": 0.5000000000,
                "pos_x_m": 4.6044938419,
                "pos_y_m": 1.6758987023,
                "relative_speed_x_mps": 1.8440187292,
                "relative_speed_y_mps": 1.0000000000,
                "absolute_speed_x_mps": 1.9814934955,
                "absolute_speed_y_mps": 0.4618395749,
                "on_coming": false
            }
        ]
    },
    "backlight": {
        "max_intensity": 150
    },
    "sync": {
        "tick_frame": 52
    },
    "gps": {
        "latitude_deg": 37.5273033194,
        "longitude_deg": 126.9531258866,
        "heading_deg": 176.4600000000,
        "height_m": 43.0210000000
    }
}