{
    "in_vehicle": {
        "wheel_speed_mps": 2.6801562500,
        "yaw_rate_dps": -2.3900000000,
        "acceleration_x_mps2": -0.8500000000,
        "acceleration_y_mps2": -0.1500000000,
        "turn_signal": 1,
        "steering_angle_deg": -39.8000000000,
        "gear": 3
    },
    "scc_radar": {
        "object_count": 10,
        "objects_info": [
            {
                "id": 1,
                "status": 4,
                "lateral_rate_mps": -0.5000000000,
                "angle_deg": -2.2000000000,
                "range_m": 30.9000000000,
                "acceleration_mps2": 0.0000000000,
                "speed_mps": -0.2600000000,
                "width_m": 0.0000000000,
                "pos_x_m": 30.8772241171,
                "pos_y_m": 1.1861833008,
                "relative_speed_x_mps": -0.7603053819,
                "relative_speed_y_mps": -0.5000000000,
                "absolute_speed_x_mps": -0.7108256800,
                "absolute_speed_y_mps": -1.8695843971,
                "on_coming": false
            },
            {
                "id": 2,
                "status": 3,
                "lateral_rate_mps": 0.2500000000,
                "angle_deg": 0.9000000000,
                "range_m": 23.9000000000,
                "acceleration_mps2": 0.4000000000,
                "speed_mps": 1.3000000000,
                "width_m": 1.5000000000,
                "pos_x_m": 23.8970515163,
                "pos_y_m": -0.3754048838,
                "relative_speed_x_mps": 1.3435848344,
                "relative_speed_y_mps": 0.2500000000,
                "absolute_speed_x_mps": 1.3279254320,
                "absolute_speed_y_mps": -0.8284178808,
                "on_coming": false
            },
            {
                "id": 10,
                "status": 3,
                "lateral_rate_mps": 2.5000000000,
                "angle_deg": 4.0000000000,
                "range_m": 54.7000000000,
                "acceleration_mps2": 2.7000000000,
                "speed_mps": 3.4900000000,
                "width_m": 0.0000000000,
                "pos_x_m": 54.5667535492,
                "pos_y_m": -3.8156791138,
                "relative_speed_x_mps": 4.8525267871,
                "relative_speed_y_mps": 2.5000000000,
                "absolute_speed_x_mps": 4.6933619558,
                "absolute_speed_y_mps": 0.1422455174,
                "on_coming": false
            },
            {
                "id": 14,
                "status": 2,
                "lateral_rate_mps": -0.0000000000,
                "angle_deg": -18.9000000000,
                "range_m": 9.0000000000,
                "acceleration_mps2": 0.0000000000,
                "speed_mps": 0.9600000000,
                "width_m": 0.0000000000,
                "pos_x_m": 8.5147682294,
                "pos_y_m": 2.9152567638,
                "relative_speed_x_mps": 1.0147075959,
                "relative_speed_y_mps": -0.0000000000,
                "absolute_speed_x_mps": 1.1363127774,
                "absolute_speed_y_mps": -0.4367710202,
                "on_coming": false
            },
            {
                "id": 20,
                "status": 3,
                "lateral_rate_mps": 1.2500000000,
                "angle_deg": 6.3000000000,
                "range_m": 40.9000000000,
                "acceleration_mps2": 1.5000000000,
                "speed_mps": 4.5000000000,
                "width_m": 0.0000000000,
                "pos_x_m": 40.6530030781,
                "pos_y_m": -4.4881333236,
                "relative_speed_x_mps": 4.7319447897,
                "relative_speed_y_mps": 1.2500000000,
                "absolute_speed_x_mps": 4.5447296277,
                "absolute_speed_y_mps": -0.5273650733,
                "on_coming": false
            },
            {
                "id": 21,
                "status": 7,
                "lateral_rate_mps": -0.0000000000,
                "angle_deg": -27.2000000000,
                "range_m": 4.9000000000,
                "acceleration_mps2": -0.0500000000,
                "speed_mps": 0.7300000000,
                "width_m": 0.0000000000,
                "pos_x_m": 4.3581402291,
                "pos_y_m": 2.2397798426,
                "relative_speed_x_mps": 0.8207629429,
                "relative_speed_y_mps": -0.0000000000,
                "absolute_speed_x_mps": 0.9141917062,
                "absolute_speed_y_mps": -0.2633840621,
                "on_coming": false
            },
            {
                "id": 24,
                "status": 2,
                "lateral_rate_mps": -0.0000000000,
                "angle_deg": 20.1000000000,
                "range_m": 5.4000000000,
                "acceleration_mps2": 0.0000000000,
                "speed_mps": 1.6900000000,
                "width_m": 0.0000000000,
                "pos_x_m": 5.0711089613,
                "pos_y_m": -1.8557623508,
                "relative_speed_x_mps": 1.7996063720,
                "relative_speed_y_mps": -0.0000000000,
                "absolute_speed_x_mps": 1.7221962721,
                "absolute_speed_y_mps": -0.2931243900,
                "on_coming": false
            },
            {
                "id": 28,
                "status": 3,
                "lateral_rate_mps": 1.5000000000,
                "angle_deg": -6.1000000000,
                "range_m": 14.4000000000,
                "acceleration_mps2": 2.2000000000,
                "speed_mps": 1.5500000000,
                "width_m": 1.5000000000,
                "pos_x_m": 14.3184663955,
                "pos_y_m": 1.5302026272,
                "relative_speed_x_mps": 2.7304592416,
                "relative_speed_y_mps": 1.5000000000,
                "absolute_speed_x_mps": 2.7942891487,
                "absolute_speed_y_mps": 0.8211371760,
                "on_coming": false
            },
            {
                "id": 29,
                "status": 3,
                "lateral_rate_mps": 1.0000000000,
                "angle_deg": 17.4000000000,
                "range_m": 20.1000000000,
                "acceleration_mps2": 0.3500000000,
                "speed_mps": 7.5900000000,
                "width_m": 0.0000000000,
                "pos_x_m": 19.1802306032,
                "pos_y_m": -6.0107199243,
                "relative_speed_x_mps": 7.7703678862,
                "relative_speed_y_mps": 1.0000000000,
                "absolute_speed_x_mps": 7.5196405073,
                "absolute_speed_y_mps": 0.1183366110,
                "on_coming": false
            },
            {
                "id": 58,
                "status": 3,
                "lateral_rate_mps": -0.5000000000,
                "angle_deg": -13.4000000000,
                "range_m": 4.6000000000,
                "acceleration_mps2": 0.1500000000,
                "speed_mps": 0.3200000000,
                "width_m": 1.5000000000,
                "pos_x_m": 4.4747690398,
                "pos_y_m": 1.0660403561,
                "relative_speed_x_mps": 0.7375854457,
                "relative_speed_y_mps": -0.5000000000,
                "absolute_speed_x_mps": 0.7820535806,
                "absolute_speed_y_mps": -0.7682490427,
                "on_coming": false
            }
        ]
    },
    "backlight": {
        "max_intensity": 149
    },
    "sync": {
        "tick_frame": 47
    },
    "gps": {
        "latitude_deg": 37.5273033194,
        "longitude_deg": 126.9531258866,
        "heading_deg": 176.4600000000,
        "height_m": 43.0210000000
    }
}