{
    "in_vehicle": {
        "wheel_speed_mps": 4.5930520833,
        "yaw_rate_dps": 7.3000000000,
        "acceleration_x_mps2": 1.5700000000,
        "acceleration_y_mps2": 0.9400000000,
        "turn_signal": 0,
        "steering_angle_deg": 78.0000000000,
        "gear": 3
    },
    "scc_radar": {
        "object_count": 23,
        "objects_info": [
            {
                "id": 0,
                "status": 3,
                "lateral_rate_mps": -0.7500000000,
                "angle_deg": 1.8000000000,
                "range_m": 35.8000000000,
                "acceleration_mps2": -0.8500000000,
                "speed_mps": 8.1000000000,
                "width_m": 0.0000000000,
                "pos_x_m": 35.7823348611,
                "pos_y_m": -1.1245051750,
                "relative_speed_x_mps": 8.1964852389,
                "relative_speed_y_mps": -0.7500000000,
                "absolute_speed_x_mps": 8.3397573585,
                "absolute_speed_y_mps": 4.0582048421,
                "on_coming": false
            },
            {
                "id": 3,
                "status": 3,
                "lateral_rate_mps": -6.0000000000,
                "angle_deg": -5.4000000000,
                "range_m": 41.6000000000,
                "acceleration_mps2": -0.4500000000,
                "speed_mps": 2.5500000000,
                "width_m": 0.0000000000,
                "pos_x_m": 41.4153777275,
                "pos_y_m": 3.9149058340,
                "relative_speed_x_mps": 8.7164692074,
                "relative_speed_y_mps": -6.0000000000,
                "absolute_speed_x_mps": 8.2176748314,
                "absolute_speed_y_mps": -0.4740946000,
                "on_coming": false
            },
            {
                "id": 5,
                "status": 2,
                "lateral_rate_mps": -1.7500000000,
                "angle_deg": 0.9000000000,
                "range_m": 86.1000000000,
                "acceleration_mps2": -0.0500000000,
                "speed_mps": -4.3800000000,
                "width_m": 0.0000000000,
                "pos_x_m": 86.0893780567,
                "pos_y_m": -1.3524000205,
                "relative_speed_x_mps": -5.0073982774,
                "relative_speed_y_mps": -1.7500000000,
                "absolute_speed_x_mps": -4.8350902953,
                "absolute_speed_y_mps": 9.4677766892,
                "on_coming": false
            },
            {
                "id": 7,
                "status": 4,
                "lateral_rate_mps": -1.0000000000,
                "angle_deg": -3.4000000000,
                "range_m": 73.9000000000,
                "acceleration_mps2": -0.3500000000,
                "speed_mps": 6.6700000000,
                "width_m": 3.0000000000,
                "pos_x_m": 73.7699232836,
                "pos_y_m": 4.3827410073,
                "relative_speed_x_mps": 6.7716704642,
                "relative_speed_y_mps": -1.0000000000,
                "absolute_speed_x_mps": 6.2132696601,
                "absolute_speed_y_mps": 8.6481668400,
                "on_coming": false
            },
            {
                "id": 8,
                "status": 3,
                "lateral_rate_mps": -2.2500000000,
                "angle_deg": -25.6000000000,
                "range_m": 26.4000000000,
                "acceleration_mps2": 0.4000000000,
                "speed_mps": -1.6100000000,
                "width_m": 0.0000000000,
                "pos_x_m": 23.8083786971,
                "pos_y_m": 11.4070637684,
                "relative_speed_x_mps": -4.2805763181,
                "relative_speed_y_mps": -2.2500000000,
                "absolute_speed_x_mps": -5.7339393095,
                "absolute_speed_y_mps": 1.0326146374,
                "on_coming": false
            },
            {
                "id": 13,
                "status": 3,
                "lateral_rate_mps": 0.7500000000,
                "angle_deg": 7.7000000000,
                "range_m": 9.4000000000,
                "acceleration_mps2": -0.0500000000,
                "speed_mps": 5.9200000000,
                "width_m": 3.5000000000,
                "pos_x_m": 9.3152420773,
                "pos_y_m": -1.2594701429,
                "relative_speed_x_mps": 5.9674785462,
                "relative_speed_y_mps": 0.7500000000,
                "absolute_speed_x_mps": 6.1279464222,
                "absolute_speed_y_mps": 2.1860580808,
                "on_coming": false
            },
            {
                "id": 14,
                "status": 3,
                "lateral_rate_mps": -7.7500000000,
                "angle_deg": -2.0000000000,
                "range_m": 107.0000000000,
                "acceleration_mps2": -0.7000000000,
                "speed_mps": -4.3500000000,
                "width_m": 0.0000000000,
                "pos_x_m": 106.9348184910,
                "pos_y_m": 3.7342461472,
                "relative_speed_x_mps": -11.8953683060,
                "relative_speed_y_mps": -7.7500000000,
                "absolute_speed_x_mps": -12.3711450055,
                "absolute_speed_y_mps": 6.1236741474,
                "on_coming": false
            },
            {
                "id": 15,
                "status": 3,
                "lateral_rate_mps": -2.2500000000,
                "angle_deg": -19.5000000000,
                "range_m": 21.9000000000,
                "acceleration_mps2": -0.8000000000,
                "speed_mps": -3.5100000000,
                "width_m": 1.0000000000,
                "pos_x_m": 20.6438486549,
                "pos_y_m": 7.3103702172,
                "relative_speed_x_mps": -5.5279766156,
                "relative_speed_y_mps": -2.2500000000,
                "absolute_speed_x_mps": -6.4593838333,
                "absolute_speed_y_mps": 0.6294249172,
                "on_coming": false
            },
            {
                "id": 16,
                "status": 3,
                "lateral_rate_mps": -0.0000000000,
                "angle_deg": 22.5000000000,
                "range_m": 19.0000000000,
                "acceleration_mps2": 0.4500000000,
                "speed_mps": 8.5000000000,
                "width_m": 2.0000000000,
                "pos_x_m": 17.5537111177,
                "pos_y_m": -7.2709852149,
                "relative_speed_x_mps": 9.2003337025,
                "relative_speed_y_mps": -0.0000000000,
                "absolute_speed_x_mps": 10.1267229151,
                "absolute_speed_y_mps": 2.4857134744,
                "on_coming": false
            },
            {
                "id": 17,
                "status": 3,
                "lateral_rate_mps": -4.2500000000,
                "angle_deg": -8.6000000000,
                "range_m": 64.6000000000,
                "acceleration_mps2": 0.0000000000,
                "speed_mps": -0.2900000000,
                "width_m": 0.0000000000,
                "pos_x_m": 63.8736622156,
                "pos_y_m": 9.6599831865,
                "relative_speed_x_mps": -6.0828602830,
                "relative_speed_y_mps": -4.2500000000,
                "absolute_speed_x_mps": -7.3136294227,
                "absolute_speed_y_mps": 4.1372937633,
                "on_coming": false
            },
            {
                "id": 19,
                "status": 3,
                "lateral_rate_mps": -6.2500000000,
                "angle_deg": -7.2000000000,
                "range_m": 55.4000000000,
                "acceleration_mps2": -0.7000000000,
                "speed_mps": 0.8500000000,
                "width_m": 0.0000000000,
                "pos_x_m": 54.9631544528,
                "pos_y_m": 6.9434611395,
                "relative_speed_x_mps": 8.8390901940,
                "relative_speed_y_mps": -6.2500000000,
                "absolute_speed_x_mps": 7.9544305080,
                "absolute_speed_y_mps": 1.0020145644,