{
    "in_vehicle": {
        "wheel_speed_mps": 2.5575347222,
        "yaw_rate_dps": -6.0900000000,
        "acceleration_x_mps2": 0.0000000000,
        "acceleration_y_mps2": -0.1600000000,
        "turn_signal": 1,
        "steering_angle_deg": -97.3000000000,
        "gear": 3
    },
    "scc_radar": {
        "object_count": 12,
        "objects_info": [
            {
                "id": 1,
                "status": 3,
                "lateral_rate_mps": 4.0000000000,
                "angle_deg": -11.6000000000,
                "range_m": 30.7000000000,
                "acceleration_mps2": -0.3500000000,
                "speed_mps": -0.9700000000,
                "width_m": 0.0000000000,
                "pos_x_m": 30.0729601627,
                "pos_y_m": 6.1730921792,
                "relative_speed_x_mps": -5.6593824187,
                "relative_speed_y_mps": 4.0000000000,
                "absolute_speed_x_mps": -5.0032410468,
                "absolute_speed_y_mps": 0.5956241621,
                "on_coming": false
            },
            {
                "id": 2,
                "status": 3,
                "lateral_rate_mps": 3.0000000000,
                "angle_deg": -7.9000000000,
                "range_m": 26.5000000000,
                "acceleration_mps2": 0.5000000000,
                "speed_mps": 1.9500000000,
                "width_m": 1.5000000000,
                "pos_x_m": 26.2485007758,
                "pos_y_m": 3.6422804700,
                "relative_speed_x_mps": 4.8670395144,
                "relative_speed_y_mps": 3.0000000000,
                "absolute_speed_x_mps": 5.2541795141,
                "absolute_speed_y_mps": 0.0021280593,
                "on_coming": false
            },
            {
                "id": 3,
                "status": 4,
                "lateral_rate_mps": 7.0000000000,
                "angle_deg": -9.6000000000,
                "range_m": 96.8000000000,
                "acceleration_mps2": 0.0000000000,
                "speed_mps": -2.4100000000,
                "width_m": 0.0000000000,
                "pos_x_m": 95.4444163884,
                "pos_y_m": 16.1432146821,
                "relative_speed_x_mps": -9.9793924767,
                "relative_speed_y_mps": 7.0000000000,
                "absolute_speed_x_mps": -8.2635212860,
                "absolute_speed_y_mps": -3.3527439690,
                "on_coming": false
            },
            {
                "id": 6,
                "status": 4,
                "lateral_rate_mps": 7.2500000000,
                "angle_deg": -7.7000000000,
                "range_m": 60.9000000000,
                "acceleration_mps2": -0.0500000000,
                "speed_mps": 1.4700000000,
                "width_m": 0.0000000000,
                "pos_x_m": 60.3508768626,
                "pos_y_m": 8.1597586920,
                "relative_speed_x_mps": 10.5448751887,
                "relative_speed_y_mps": 7.2500000000,
                "absolute_speed_x_mps": 11.4121804398,
                "absolute_speed_y_mps": 0.6273676994,
                "on_coming": false
            },
            {
                "id": 20,
                "status": 4,
                "lateral_rate_mps": -8.0000000000,
                "angle_deg": -1.2000000000,
                "range_m": 48.0000000000,
                "acceleration_mps2": 0.3500000000,
                "speed_mps": 4.7900000000,
                "width_m": 0.0000000000,
                "pos_x_m": 47.9894728068,
                "pos_y_m": 1.0052361544,
                "relative_speed_x_mps": 12.2219686547,
                "relative_speed_y_mps": -8.0000000000,
                "absolute_speed_x_mps": 12.3288157599,
                "absolute_speed_y_mps": -13.3087318469,
                "on_coming": false
            },
            {
                "id": 24,
                "status": 3,
                "lateral_rate_mps": 1.2500000000,
                "angle_deg": 2.1000000000,
                "range_m": 4.1000000000,
                "acceleration_mps2": -0.8000000000,
                "speed_mps": 0.2500000000,
                "width_m": 1.5000000000,
                "pos_x_m": 4.0972464145,
                "pos_y_m": -0.1502392057,
                "relative_speed_x_mps": 1.7795369649,
                "relative_speed_y_mps": 1.2500000000,
                "absolute_speed_x_mps": 1.7635679569,
                "absolute_speed_y_mps": 0.6065971006,
                "on_coming": false
            },
            {
                "id": 28,
                "status": 3,
                "lateral_rate_mps": 3.5000000000,
                "angle_deg": -19.7000000000,
                "range_m": 17.6000000000,
                "acceleration_mps2": -0.2000000000,
                "speed_mps": 1.9700000000,
                "width_m": 3.5000000000,
                "pos_x_m": 16.5698815887,
                "pos_y_m": 5.9328765482,
                "relative_speed_x_mps": 5.9743946574,
                "relative_speed_y_mps": 3.5000000000,
                "absolute_speed_x_mps": 6.6050033773,
                "absolute_speed_y_mps": 1.5308738299,
                "on_coming": false
            },
            {
                "id": 42,
                "status": 3,
                "lateral_rate_mps": 4.0000000000,
                "angle_deg": -14.4000000000,
                "range_m": 40.3000000000,
                "acceleration_mps2": 0.0500000000,
                "speed_mps": -1.8000000000,
                "width_m": 0.0000000000,
                "pos_x_m": 39.0339013935,
                "pos_y_m": 10.0222024527,
                "relative_speed_x_mps": -5.7176182102,
                "relative_speed_y_mps": 4.0000000000,
                "absolute_speed_x_mps": -4.6523527848,
                "absolute_speed_y_mps": -0.3568392228,
                "on_coming": false
            },
            {
                "id": 48,
                "status": 1,
                "lateral_rate_mps": -0.0000000000,
                "angle_deg": -18.8000000000,
                "range_m": 34.5000000000,
                "acceleration_mps2": 0.0000000000,
                "speed_mps": -2.2900000000,
                "width_m": 0.0000000000,
                "pos_x_m": 32.6593994740,
                "pos_y_m": 11.1181664855,
                "relative_speed_x_mps": -2.4190585642,
                "relative_speed_y_mps": -0.0000000000,
                "absolute_speed_x_mps": -1.2373025174,
                "absolute_speed_y_mps": -3.6792898986,
                "on_coming": false
            },
            {
                "id": 51,
                "status": 3,
                "lateral_rate_mps": 5.5000000000,
                "angle_deg": -8.1000000000,
                "range_m": 48.3000000000,
                "acceleration_mps2": 0.0000000000,
                "speed_mps": 0.9500000000,
                "width_m": 0.0000000000,
                "pos_x_m": 47.8181426677,
                "pos_y_m": 6.8055295026,
                "relative_speed_x_mps": 7.9709312505,
                "relative_speed_y_mps": 5.5000000000,
                "absolute_speed_x_mps": 8.6942947342,
                "absolute_speed_y_mps": 0.2094789281,
                "on_coming": false
            },
            {
                "id": 58,
                "status": 3,
                "lateral_rate_mps": 0.5000000000,
                "angle_deg": -19.7000000000,
                "range_m": 6.1000000000,
                "acceleration_mps2": 0.5500000000,
                "speed_mps": 0.9500000000,
                "width_m": 0.0000000000,
                "pos_x_m": 5.7429703234,
                "pos_y_m": 2.0562810764,
                "relative_speed_x_mps": 1.3825872392,
                "relative_speed_y_mps": 0.5000000000,
                "absolute_speed_x_mps": 1.6011504887,
                "absolute_speed_y_mps": -0.3183278012,