{
    "in_vehicle": {
        "wheel_speed_mps": 6.6986388889,
        "yaw_rate_dps": 1.1700000000,
        "acceleration_x_mps2": -0.2500000000,
        "acceleration_y_mps2": -0.1200000000,
        "turn_signal": 0,
        "steering_angle_deg": 9.2000000000,
        "gear": 3
    },
    "scc_radar": {
        "object_count": 23,
        "objects_info": [
            {
                "id": 3,
                "status": 4,
                "lateral_rate_mps": -0.5000000000,
                "angle_deg": -3.5000000000,
                "range_m": 29.6000000000,
                "acceleration_mps2": 1.5500000000,
                "speed_mps": 1.3800000000,
                "width_m": 0.0000000000,
                "pos_x_m": 29.5447900333,
                "pos_y_m": 1.8070367702,
                "relative_speed_x_mps": 1.5257447954,
                "relative_speed_y_mps": -0.5000000000,
                "absolute_speed_x_mps": 1.4888444680,
                "absolute_speed_y_mps": 0.1432572286,
                "on_coming": false
            },
            {
                "id": 6,
                "status": 3,
                "lateral_rate_mps": -0.5000000000,
                "angle_deg": -23.2000000000,
                "range_m": 22.1000000000,
                "acceleration_mps2": 0.3000000000,
                "speed_mps": -3.0600000000,
                "width_m": 1.5000000000,
                "pos_x_m": 20.3128909975,
                "pos_y_m": 8.7061162020,
                "relative_speed_x_mps": -3.6133788874,
                "relative_speed_y_mps": -0.5000000000,
                "absolute_speed_x_mps": -3.7911608469,
                "absolute_speed_y_mps": -0.0452614017,
                "on_coming": false
            },
            {
                "id": 7,
                "status": 3,
                "lateral_rate_mps": 0.7500000000,
                "angle_deg": 6.0000000000,
                "range_m": 23.0000000000,
                "acceleration_mps2": 0.3000000000,
                "speed_mps": 7.1100000000,
                "width_m": 3.5000000000,
                "pos_x_m": 22.8740035935,
                "pos_y_m": -2.4041546552,
                "relative_speed_x_mps": 7.1494508032,
                "relative_speed_y_mps": 0.7500000000,
                "absolute_speed_x_mps": 7.1985444881,
                "absolute_speed_y_mps": 1.2570374197,
                "on_coming": false
            },
            {
                "id": 9,
                "status": 3,
                "lateral_rate_mps": 1.5000000000,
                "angle_deg": -7.7000000000,
                "range_m": 82.4000000000,
                "acceleration_mps2": 1.4000000000,
                "speed_mps": 6.4100000000,
                "width_m": 0.0000000000,
                "pos_x_m": 81.6570156565,
                "pos_y_m": 11.0404616785,
                "relative_speed_x_mps": 7.0002854234,
                "relative_speed_y_mps": 1.5000000000,
                "absolute_speed_x_mps": 6.7748353069,
                "absolute_speed_y_mps": 3.2074072323,
                "on_coming": false
            },
            {
                "id": 13,
                "status": 3,
                "lateral_rate_mps": -0.0000000000,
                "angle_deg": -1.9000000000,
                "range_m": 9.8000000000,
                "acceleration_mps2": 0.7000000000,
                "speed_mps": -0.3500000000,
                "width_m": 1.0000000000,
                "pos_x_m": 9.7946121162,
                "pos_y_m": 0.3249207482,
                "relative_speed_x_mps": -0.3501925303,
                "relative_speed_y_mps": -0.0000000000,
                "absolute_speed_x_mps": -0.3568275264,
                "absolute_speed_y_mps": 0.2399516385,
                "on_coming": false
            },
            {
                "id": 14,
                "status": 4,
                "lateral_rate_mps": -0.7500000000,
                "angle_deg": 5.6000000000,
                "range_m": 56.1000000000,
                "acceleration_mps2": 0.0000000000,
                "speed_mps": -6.8700000000,
                "width_m": 0.0000000000,
                "pos_x_m": 55.8322571390,
                "pos_y_m": -5.4744006765,
                "relative_speed_x_mps": -6.9112804860,
                "relative_speed_y_mps": -0.7500000000,
                "absolute_speed_x_mps": -6.7994912958,
                "absolute_speed_y_mps": 0.4300565666,
                "on_coming": false
            },
            {
                "id": 16,
                "status": 3,
                "lateral_rate_mps": -0.5000000000,
                "angle_deg": 24.9000000000,
                "range_m": 24.1000000000,
                "acceleration_mps2": 0.5500000000,
                "speed_mps": -6.0400000000,
                "width_m": 1.5000000000,
                "pos_x_m": 21.8597607444,
                "pos_y_m": -10.1469631022,
                "relative_speed_x_mps": -6.4656829970,
                "relative_speed_y_mps": -0.5000000000,
                "absolute_speed_x_mps": -6.2584784362,
                "absolute_speed_y_mps": -0.0136737765,
                "on_coming": false
            },
            {
                "id": 17,
                "status": 3,
                "lateral_rate_mps": 1.0000000000,
                "angle_deg": -6.2000000000,
                "range_m": 58.7000000000,
                "acceleration_mps2": 1.1500000000,
                "speed_mps": 4.0200000000,
                "width_m": 0.0000000000,
                "pos_x_m": 58.3566615852,
                "pos_y_m": 6.3395621799,
                "relative_speed_x_mps": 4.3865112464,
                "relative_speed_y_mps": 1.0000000000,
                "absolute_speed_x_mps": 4.2570551536,
                "absolute_speed_y_mps": 2.2316057946,
                "on_coming": false
            },
            {
                "id": 18,
                "status": 3,
                "lateral_rate_mps": -0.7500000000,
                "angle_deg": -17.5000000000,
                "range_m": 50.4000000000,
                "acceleration_mps2": 0.0000000000,
                "speed_mps": -6.4800000000,
                "width_m": 0.0000000000,
                "pos_x_m": 48.0673343177,
                "pos_y_m": 15.1555722950,
                "relative_speed_x_mps": -7.1104962537,
                "relative_speed_y_mps": -0.7500000000,
                "absolute_speed_x_mps": -7.4199783785,
                "absolute_speed_y_mps": 0.2714941074,
                "on_coming": false
            },
            {
                "id": 19,
                "status": 3,
                "lateral_rate_mps": -1.0000000000,
                "angle_deg": 16.1000000000,
                "range_m": 32.1000000000,
                "acceleration_mps2": 0.2500000000,
                "speed_mps": -6.4100000000,
                "width_m": 1.5000000000,
                "pos_x_m": 30.8410108485,
                "pos_y_m": -8.9018003710,
                "relative_speed_x_mps": -6.5378218288,
                "relative_speed_y_mps": -1.0000000000,
                "absolute_speed_x_mps": -6.3560439296,
                "absolute_speed_y_mps": -0.3302734858,
                "on_coming": false
            },
            {
                "id": 21,
                "status": 1,
                "lateral_rate_mps": -0.0000000000,
                "angle_deg": 11.0000000000,
                "range_m": 42.7000000000,
                "acceleration_mps2": 0.0000000000,
                "speed_mps": -6.5800000000,
                "width_m": 0.0000000000,
                "pos_x_m": 41.9154807332,
                "pos_y_m": -8.1475441026,
                "relative_speed_x_mps": -6.7031558528,
                "relative_speed_y_mps": -0.0000000000,
                "absolute_speed_x_mps": -6.5367801323,
                "absolute_speed_y_mps": 0.8958710902,