{
    "in_vehicle": {
        "wheel_speed_mps": 3.2582291667,
        "yaw_rate_dps": 2.5100000000,
        "acceleration_x_mps2": 1.2500000000,
        "acceleration_y_mps2": 0.2300000000,
        "turn_signal": 0,
        "steering_angle_deg": 40.3000000000,
        "gear": 3
    },
    "scc_radar": {
        "object_count": 24,
        "objects_info": [
            {
                "id": 0,
                "status": 3,
                "lateral_rate_mps": 1.5000000000,
                "angle_deg": 4.1000000000,
                "range_m": 22.5000000000,
                "acceleration_mps2": -0.7000000000,
                "speed_mps": 9.5000000000,
                "width_m": 4.0000000000,
                "pos_x_m": 22.4424176159,
                "pos_y_m": -1.6086924975,
                "relative_speed_x_mps": 9.6528302501,
                "relative_speed_y_mps": 1.5000000000,
                "absolute_speed_x_mps": 9.7233034717,
                "absolute_speed_y_mps": 2.5688401264,
                "on_coming": false
            },
            {
                "id": 3,
                "status": 3,
                "lateral_rate_mps": -0.5000000000,
                "angle_deg": -13.2000000000,
                "range_m": 37.1000000000,
                "acceleration_mps2": -0.9000000000,
                "speed_mps": 3.6600000000,
                "width_m": 1.0000000000,
                "pos_x_m": 36.1197772966,
                "pos_y_m": 8.4718172811,
                "relative_speed_x_mps": 3.7100592432,
                "relative_speed_y_mps": -0.5000000000,
                "absolute_speed_x_mps": 3.3389278692,
                "absolute_speed_y_mps": 1.1680146745,
                "on_coming": false
            },
            {
                "id": 7,
                "status": 3,
                "lateral_rate_mps": -0.2500000000,
                "angle_deg": -4.5000000000,
                "range_m": 62.9000000000,
                "acceleration_mps2": -1.4500000000,
                "speed_mps": 7.8000000000,
                "width_m": 0.5000000000,
                "pos_x_m": 62.7061002918,
                "pos_y_m": 4.9350771213,
                "relative_speed_x_mps": 7.8124478751,
                "relative_speed_y_mps": -0.2500000000,
                "absolute_speed_x_mps": 7.5962531802,
                "absolute_speed_y_mps": 2.5827020439,
                "on_coming": false
            },
            {
                "id": 9,
                "status": 4,
                "lateral_rate_mps": 2.7500000000,
                "angle_deg": 1.6000000000,
                "range_m": 64.3000000000,
                "acceleration_mps2": -0.0500000000,
                "speed_mps": 8.3300000000,
                "width_m": 1.0000000000,
                "pos_x_m": 64.2749303971,
                "pos_y_m": -1.7953613699,
                "relative_speed_x_mps": 9.1265388582,
                "relative_speed_y_mps": 2.7500000000,
                "absolute_speed_x_mps": 9.2051896258,
                "absolute_speed_y_mps": 5.6514289832,
                "on_coming": false
            },
            {
                "id": 10,
                "status": 2,
                "lateral_rate_mps": -0.5000000000,
                "angle_deg": 10.8000000000,
                "range_m": 34.3000000000,
                "acceleration_mps2": -0.0500000000,
                "speed_mps": -3.0600000000,
                "width_m": 0.0000000000,
                "pos_x_m": 33.6924527000,
                "pos_y_m": -6.4271790903,
                "relative_speed_x_mps": -3.1014805506,
                "relative_speed_y_mps": -0.5000000000,
                "absolute_speed_x_mps": -2.8199202044,
                "absolute_speed_y_mps": 1.0616790109,
                "on_coming": false
            },
            {
                "id": 12,
                "status": 3,
                "lateral_rate_mps": -3.7500000000,
                "angle_deg": -6.8000000000,
                "range_m": 93.9000000000,
                "acceleration_mps2": -1.3500000000,
                "speed_mps": -3.0900000000,
                "width_m": 2.0000000000,
                "pos_x_m": 93.2394612112,
                "pos_y_m": 11.1181326240,
                "relative_speed_x_mps": -6.3868493012,
                "relative_speed_y_mps": -3.7500000000,
                "absolute_speed_x_mps": -6.8739098338,
                "absolute_speed_y_mps": 0.4203003200,
                "on_coming": false
            },
            {
                "id": 15,
                "status": 3,
                "lateral_rate_mps": 2.0000000000,
                "angle_deg": -22.6000000000,
                "range_m": 26.4000000000,
                "acceleration_mps2": -0.3500000000,
                "speed_mps": -2.4900000000,
                "width_m": 0.0000000000,
                "pos_x_m": 24.3727497318,
                "pos_y_m": 10.1453965182,
                "relative_speed_x_mps": -3.3877277287,
                "relative_speed_y_mps": 2.0000000000,
                "absolute_speed_x_mps": -3.8321748674,
                "absolute_speed_y_mps": 3.1534036606,
                "on_coming": false
            },
            {
                "id": 16,
                "status": 4,
                "lateral_rate_mps": -0.0000000000,
                "angle_deg": 1.9000000000,
                "range_m": 48.9000000000,
                "acceleration_mps2": -0.3500000000,
                "speed_mps": -2.5800000000,
                "width_m": 0.0000000000,
                "pos_x_m": 48.8731155596,
                "pos_y_m": -1.6212882232,
                "relative_speed_x_mps": -2.5814192231,
                "relative_speed_y_mps": -0.0000000000,
                "absolute_speed_x_mps": -2.5103942109,
                "absolute_speed_y_mps": 2.2267099102,
                "on_coming": false
            },
            {
                "id": 17,
                "status": 4,
                "lateral_rate_mps": -0.2500000000,
                "angle_deg": 1.1000000000,
                "range_m": 89.5000000000,
                "acceleration_mps2": 0.2000000000,
                "speed_mps": 13.4700000000,
                "width_m": 1.5000000000,
                "pos_x_m": 89.4835062349,
                "pos_y_m": -1.7181710948,
                "relative_speed_x_mps": 13.4819196961,
                "relative_speed_y_mps": -0.2500000000,
                "absolute_speed_x_mps": 13.5571889303,
                "absolute_speed_y_mps": 3.7557603300,
                "on_coming": false
            },
            {
                "id": 19,
                "status": 4,
                "lateral_rate_mps": -2.5000000000,
                "angle_deg": -14.9000000000,
                "range_m": 53.6000000000,
                "acceleration_mps2": -0.7500000000,
                "speed_mps": 1.4100000000,
                "width_m": 0.0000000000,
                "pos_x_m": 51.7977578516,
                "pos_y_m": 13.7823177131,
                "relative_speed_x_mps": 3.6235638333,
                "relative_speed_y_mps": -2.5000000000,
                "absolute_speed_x_mps": 3.0197913085,
                "absolute_speed_y_mps": -0.1451680498,
                "on_coming": false
            },
            {
                "id": 24,
                "status": 2,
                "lateral_rate_mps": -0.2500000000,
                "angle_deg": -3.3000000000,
                "range_m": 75.7000000000,
                "acceleration_mps2": -0.0500000000,
                "speed_mps": -3.1300000000,
                "width_m": 0.0000000000,
                "pos_x_m": 75.5744755177,
                "pos_y_m": 4.3575968408,
                "relative_speed_x_mps": -3.1693952270,
                "relative_speed_y_mps": -0.2500000000,
                "absolute_speed_x_mps": -3.3602918020,
                "absolute_speed_y_mps": 3.1464367917,