{
    "in_vehicle": {
        "wheel_speed_mps": 6.7897291667,
        "yaw_rate_dps": 0.3700000000,
        "acceleration_x_mps2": -0.1600000000,
        "acceleration_y_mps2": -0.2300000000,
        "turn_signal": 0,
        "steering_angle_deg": 6.0000000000,
        "gear": 3
    },
    "scc_radar": {
        "object_count": 23,
        "objects_info": [
            {
                "id": 1,
                "status": 1,
                "lateral_rate_mps": -0.0000000000,
                "angle_deg": -26.3000000000,
                "range_m": 29.8000000000,
                "acceleration_mps2": 0.0000000000,
                "speed_mps": -6.1000000000,
                "width_m": 0.0000000000,
                "pos_x_m": 26.7152956254,
                "pos_y_m": 13.2035214866,
                "relative_speed_x_mps": -6.8043416981,
                "relative_speed_y_mps": -0.0000000000,
                "absolute_speed_x_mps": -6.8896063195,
                "absolute_speed_y_mps": 0.1851511485,
                "on_coming": false
            },
            {
                "id": 3,
                "status": 4,
                "lateral_rate_mps": -0.2500000000,
                "angle_deg": -3.9000000000,
                "range_m": 29.1000000000,
                "acceleration_mps2": 1.6000000000,
                "speed_mps": 0.7000000000,
                "width_m": 0.0000000000,
                "pos_x_m": 29.0326125141,
                "pos_y_m": 1.9792449584,
                "relative_speed_x_mps": 0.7704880264,
                "relative_speed_y_mps": -0.2500000000,
                "absolute_speed_x_mps": 0.7577066202,
                "absolute_speed_y_mps": -0.0498842720,
                "on_coming": false
            },
            {
                "id": 6,
                "status": 3,
                "lateral_rate_mps": -0.2500000000,
                "angle_deg": -23.1000000000,
                "range_m": 23.7000000000,
                "acceleration_mps2": 0.3500000000,
                "speed_mps": -3.1300000000,
                "width_m": 1.0000000000,
                "pos_x_m": 21.7997694865,
                "pos_y_m": 9.2983896635,
                "relative_speed_x_mps": -3.5272321910,
                "relative_speed_y_mps": -0.2500000000,
                "absolute_speed_x_mps": -3.5872785715,
                "absolute_speed_y_mps": -0.0965919343,
                "on_coming": false
            },
            {
                "id": 7,
                "status": 3,
                "lateral_rate_mps": 0.7500000000,
                "angle_deg": 8.0000000000,
                "range_m": 19.6000000000,
                "acceleration_mps2": 0.4000000000,
                "speed_mps": 7.1100000000,
                "width_m": 2.5000000000,
                "pos_x_m": 19.4092541473,
                "pos_y_m": -2.7277927788,
                "relative_speed_x_mps": 7.1535378205,
                "relative_speed_y_mps": 0.7500000000,
                "absolute_speed_x_mps": 7.1711531376,
                "absolute_speed_y_mps": 0.8879707912,
                "on_coming": false
            },
            {
                "id": 9,
                "status": 3,
                "lateral_rate_mps": 1.2500000000,
                "angle_deg": -7.4000000000,
                "range_m": 79.4000000000,
                "acceleration_mps2": 1.5000000000,
                "speed_mps": 5.8700000000,
                "width_m": 0.0000000000,
                "pos_x_m": 78.7386902932,
                "pos_y_m": 10.2263703683,
                "relative_speed_x_mps": 6.3333590558,
                "relative_speed_y_mps": 1.2500000000,
                "absolute_speed_x_mps": 6.2673200374,
                "absolute_speed_y_mps": 1.7711035728,
                "on_coming": false
            },
            {
                "id": 12,
                "status": 1,
                "lateral_rate_mps": -0.0000000000,
                "angle_deg": -17.7000000000,
                "range_m": 32.4000000000,
                "acceleration_mps2": 0.0000000000,
                "speed_mps": -41.7800000000,
                "width_m": 0.0000000000,
                "pos_x_m": 30.8662319926,
                "pos_y_m": 9.8506711740,
                "relative_speed_x_mps": -43.8560819579,
                "relative_speed_y_mps": -0.0000000000,
                "absolute_speed_x_mps": -43.9196948167,
                "absolute_speed_y_mps": 0.2119567260,
                "on_coming": false
            },
            {
                "id": 13,
                "status": 3,
                "lateral_rate_mps": -0.0000000000,
                "angle_deg": -2.1000000000,
                "range_m": 10.0000000000,
                "acceleration_mps2": 0.7000000000,
                "speed_mps": -0.5800000000,
                "width_m": 2.0000000000,
                "pos_x_m": 9.9932839378,
                "pos_y_m": 0.3664370871,
                "relative_speed_x_mps": -0.5803897934,
                "relative_speed_y_mps": -0.0000000000,
                "absolute_speed_x_mps": -0.5827561409,
                "absolute_speed_y_mps": 0.0771651087,
                "on_coming": false
            },
            {
                "id": 14,
                "status": 4,
                "lateral_rate_mps": -0.7500000000,
                "angle_deg": 5.2000000000,
                "range_m": 59.6000000000,
                "acceleration_mps2": 0.0000000000,
                "speed_mps": -6.8700000000,
                "width_m": 0.0000000000,
                "pos_x_m": 59.3547101575,
                "pos_y_m": -5.4017017798,
                "relative_speed_x_mps": -6.9120006812,
                "relative_speed_y_mps": -0.7500000000,
                "absolute_speed_x_mps": -6.8771180131,
                "absolute_speed_y_mps": -0.3540727092,
                "on_coming": false
            },
            {
                "id": 16,
                "status": 3,
                "lateral_rate_mps": -0.0000000000,
                "angle_deg": 21.3000000000,
                "range_m": 27.1000000000,
                "acceleration_mps2": 0.5500000000,
                "speed_mps": -6.3100000000,
                "width_m": 1.0000000000,
                "pos_x_m": 25.2488322676,
                "pos_y_m": -9.8441083458,
                "relative_speed_x_mps": -6.7726300443,
                "relative_speed_y_mps": -0.0000000000,
                "absolute_speed_x_mps": -6.7090595664,
                "absolute_speed_y_mps": 0.1756811413,
                "on_coming": false
            },
            {
                "id": 17,
                "status": 3,
                "lateral_rate_mps": 0.5000000000,
                "angle_deg": -5.9000000000,
                "range_m": 56.8000000000,
                "acceleration_mps2": 1.9000000000,
                "speed_mps": 3.6000000000,
                "width_m": 0.0000000000,
                "pos_x_m": 56.4991200123,
                "pos_y_m": 5.8386160895,
                "relative_speed_x_mps": 3.7383253584,
                "relative_speed_y_mps": 0.5000000000,
                "absolute_speed_x_mps": 3.7006212208,
                "absolute_speed_y_mps": 0.8774866943,
                "on_coming": false
            },
            {
                "id": 20,
                "status": 4,
                "lateral_rate_mps": 1.5000000000,
                "angle_deg": -9.2000000000,
                "range_m": 136.1000000000,
                "acceleration_mps2": -0.2000000000,
                "speed_mps": 4.1800000000,
                "width_m": 0.0000000000,
                "pos_x_m": 134.3492456764,
                "pos_y_m": 21.7598296449,
                "relative_speed_x_mps": 4.9545204463,
                "relative_speed_y_mps": 1.5000000000,
                "absolute_speed_x_mps": 4.8140015976,
                "absolute_speed_y_mps": 2.3802208702,