{
    "in_vehicle": {
        "wheel_speed_mps": 3.6506180556,
        "yaw_rate_dps": 2.3300000000,
        "acceleration_x_mps2": 0.2400000000,
        "acceleration_y_mps2": 0.4000000000,
        "turn_signal": 0,
        "steering_angle_deg": 40.7000000000,
        "gear": 3
    },
    "scc_radar": {
        "object_count": 27,
        "objects_info": [
            {
                "id": 0,
                "status": 3,
                "lateral_rate_mps": 1.7500000000,
                "angle_deg": 1.6000000000,
                "range_m": 27.1000000000,
                "acceleration_mps2": -0.7500000000,
                "speed_mps": 9.0100000000,
                "width_m": 1.0000000000,
                "pos_x_m": 27.0894341176,
                "pos_y_m": -0.7566764094,
                "relative_speed_x_mps": 9.2999802370,
                "relative_speed_y_mps": 1.7500000000,
                "absolute_speed_x_mps": 9.3307513697,
                "absolute_speed_y_mps": 2.9311666072,
                "on_coming": false
            },
            {
                "id": 3,
                "status": 3,
                "lateral_rate_mps": -1.5000000000,
                "angle_deg": -11.9000000000,
                "range_m": 38.8000000000,
                "acceleration_mps2": -0.9500000000,
                "speed_mps": 3.0700000000,
                "width_m": 0.0000000000,
                "pos_x_m": 37.9661486219,
                "pos_y_m": 8.0007223934,
                "relative_speed_x_mps": 3.5298562972,
                "relative_speed_y_mps": -1.5000000000,
                "absolute_speed_x_mps": 3.2044975476,
                "absolute_speed_y_mps": 0.1234809454,
                "on_coming": false
            },
            {
                "id": 6,
                "status": 3,
                "lateral_rate_mps": -1.0000000000,
                "angle_deg": -9.4000000000,
                "range_m": 94.5000000000,
                "acceleration_mps2": -0.2500000000,
                "speed_mps": 12.3800000000,
                "width_m": 0.0000000000,
                "pos_x_m": 93.2310692719,
                "pos_y_m": 15.4343034318,
                "relative_speed_x_mps": 12.4634448674,
                "relative_speed_y_mps": -1.0000000000,
                "absolute_speed_x_mps": 11.8357908359,
                "absolute_speed_y_mps": 2.8708936904,
                "on_coming": false
            },
            {
                "id": 7,
                "status": 3,
                "lateral_rate_mps": -0.2500000000,
                "angle_deg": -4.2000000000,
                "range_m": 66.4000000000,
                "acceleration_mps2": -1.4500000000,
                "speed_mps": 7.0500000000,
                "width_m": 0.0000000000,
                "pos_x_m": 66.2216812877,
                "pos_y_m": 4.8630162893,
                "relative_speed_x_mps": 7.0594839617,
                "relative_speed_y_mps": -0.2500000000,
                "absolute_speed_x_mps": 6.8617237070,
                "absolute_speed_y_mps": 2.5225252846,
                "on_coming": false
            },
            {
                "id": 8,
                "status": 3,
                "lateral_rate_mps": -3.7500000000,
                "angle_deg": -27.2000000000,
                "range_m": 28.1000000000,
                "acceleration_mps2": 0.0500000000,
                "speed_mps": -1.9300000000,
                "width_m": 0.0000000000,
                "pos_x_m": 24.9926000895,
                "pos_y_m": 12.8444517503,
                "relative_speed_x_mps": -6.7016454767,
                "relative_speed_y_mps": -3.7500000000,
                "absolute_speed_x_mps": -7.2239801553,
                "absolute_speed_y_mps": -2.6541036052,
                "on_coming": false
            },
            {
                "id": 10,
                "status": 4,
                "lateral_rate_mps": -2.5000000000,
                "angle_deg": 12.8000000000,
                "range_m": 32.7000000000,
                "acceleration_mps2": -0.6000000000,
                "speed_mps": -3.5100000000,
                "width_m": 0.0000000000,
                "pos_x_m": 31.8873838858,
                "pos_y_m": -7.2446358722,
                "relative_speed_x_mps": -4.6572272051,
                "relative_speed_y_mps": -2.5000000000,
                "absolute_speed_x_mps": -4.3626155998,
                "absolute_speed_y_mps": -1.1237191443,
                "on_coming": false
            },
            {
                "id": 13,
                "status": 2,
                "lateral_rate_mps": 0.5000000000,
                "angle_deg": 17.9000000000,
                "range_m": 5.7000000000,
                "acceleration_mps2": 0.0500000000,
                "speed_mps": 5.7500000000,
                "width_m": 0.5000000000,
                "pos_x_m": 5.4240881021,
                "pos_y_m": -1.7519327215,
                "relative_speed_x_mps": 5.9233520258,
                "relative_speed_y_mps": 0.5000000000,
                "absolute_speed_x_mps": 5.9945964225,
                "absolute_speed_y_mps": 0.8001199290,
                "on_coming": false
            },
            {
                "id": 14,
                "status": 2,
                "lateral_rate_mps": -0.0000000000,
                "angle_deg": -7.1000000000,
                "range_m": 109.7000000000,
                "acceleration_mps2": 0.0000000000,
                "speed_mps": -3.6200000000,
                "width_m": 0.0000000000,
                "pos_x_m": 108.8588135860,
                "pos_y_m": 13.5590819984,
                "relative_speed_x_mps": -3.6479728827,
                "relative_speed_y_mps": -0.0000000000,
                "absolute_speed_x_mps": -4.1993688376,
                "absolute_speed_y_mps": 4.5064142219,
                "on_coming": false
            },
            {
                "id": 15,
                "status": 3,
                "lateral_rate_mps": -1.0000000000,
                "angle_deg": -22.4000000000,
                "range_m": 25.0000000000,
                "acceleration_mps2": -0.8000000000,
                "speed_mps": -3.0700000000,
                "width_m": 1.5000000000,
                "pos_x_m": 23.1136508403,
                "pos_y_m": 9.5267594088,
                "relative_speed_x_mps": -3.9916399841,
                "relative_speed_y_mps": -1.0000000000,
                "absolute_speed_x_mps": -4.3790568167,
                "absolute_speed_y_mps": 0.0194867223,
                "on_coming": false
            },
            {
                "id": 17,
                "status": 4,
                "lateral_rate_mps": -0.2500000000,
                "angle_deg": 0.9000000000,
                "range_m": 96.2000000000,
                "acceleration_mps2": 0.2000000000,
                "speed_mps": 13.4700000000,
                "width_m": 1.5000000000,
                "pos_x_m": 96.1881320447,
                "pos_y_m": -1.5110439254,
                "relative_speed_x_mps": 13.4802264976,
                "relative_speed_y_mps": -0.2500000000,
                "absolute_speed_x_mps": 13.5416748691,
                "absolute_speed_y_mps": 3.7411461125,
                "on_coming": false
            },
            {
                "id": 19,
                "status": 3,
                "lateral_rate_mps": -2.0000000000,
                "angle_deg": -13.7000000000,
                "range_m": 54.2000000000,
                "acceleration_mps2": -0.7500000000,
                "speed_mps": 0.9700000000,
                "width_m": 0.0000000000,
                "pos_x_m": 52.6579623039,
                "pos_y_m": 12.8366275168,
                "relative_speed_x_mps": 2.8741913588,
                "relative_speed_y_mps": -2.0000000000,
                "absolute_speed_x_mps": 2.3521748618,
                "absolute_speed_y_mps": 0.2209407612,