{
    "in_vehicle": {
        "wheel_speed_mps": 1.8253090278,
        "yaw_rate_dps": -1.5000000000,
        "acceleration_x_mps2": 0.0600000000,
        "acceleration_y_mps2": 0.0600000000,
        "turn_signal": 1,
        "steering_angle_deg": -20.0000000000,
        "gear": 3
    },
    "scc_radar": {
        "object_count": 11,
        "objects_info": [
            {
                "id": 16,
                "status": 3,
                "lateral_rate_mps": 2.2500000000,
                "angle_deg": 1.8000000000,
                "range_m": 52.0000000000,
                "acceleration_mps2": -0.0500000000,
                "speed_mps": -1.8000000000,
                "width_m": 0.0000000000,
                "pos_x_m": 51.9743411390,
                "pos_y_m": -1.6333594721,
                "relative_speed_x_mps": -3.6915955977,
                "relative_speed_y_mps": 2.2500000000,
                "absolute_speed_x_mps": -3.7343568487,
                "absolute_speed_y_mps": 0.8381069706,
                "on_coming": false
            },
            {
                "id": 17,
                "status": 3,
                "lateral_rate_mps": 6.2500000000,
                "angle_deg": 3.2000000000,
                "range_m": 70.9000000000,
                "acceleration_mps2": 0.1500000000,
                "speed_mps": 13.2800000000,
                "width_m": 0.0000000000,
                "pos_x_m": 70.7894501805,
                "pos_y_m": -3.9577447040,
                "relative_speed_x_mps": 15.6799688768,
                "relative_speed_y_mps": 6.2500000000,
                "absolute_speed_x_mps": 15.5763553627,
                "absolute_speed_y_mps": 4.3455285678,
                "on_coming": false
            },
            {
                "id": 19,
                "status": 1,
                "lateral_rate_mps": -0.0000000000,
                "angle_deg": -2.6000000000,
                "range_m": 54.2000000000,
                "acceleration_mps2": 0.0000000000,
                "speed_mps": 8.9500000000,
                "width_m": 0.0000000000,
                "pos_x_m": 54.1442048827,
                "pos_y_m": 2.4586739566,
                "relative_speed_x_mps": 8.9592228947,
                "relative_speed_y_mps": -0.0000000000,
                "absolute_speed_x_mps": 9.0235908284,
                "absolute_speed_y_mps": -1.4686999294,
                "on_coming": false
            },
            {
                "id": 26,
                "status": 3,
                "lateral_rate_mps": 4.5000000000,
                "angle_deg": -0.6000000000,
                "range_m": 61.0000000000,
                "acceleration_mps2": 0.0000000000,
                "speed_mps": -1.8100000000,
                "width_m": 0.0000000000,
                "pos_x_m": 60.9966553313,
                "pos_y_m": 0.6387788311,
                "relative_speed_x_mps": -6.6036411201,
                "relative_speed_y_mps": 4.5000000000,
                "absolute_speed_x_mps": -6.5869179294,
                "absolute_speed_y_mps": 2.8519033374,
                "on_coming": false
            },
            {
                "id": 28,
                "status": 4,
                "lateral_rate_mps": 2.2500000000,
                "angle_deg": -27.0000000000,
                "range_m": 19.7000000000,
                "acceleration_mps2": -0.4000000000,
                "speed_mps": 1.1500000000,
                "width_m": 0.0000000000,
                "pos_x_m": 17.5528285265,
                "pos_y_m": 8.9436128449,
                "relative_speed_x_mps": 4.0080534737,
                "relative_speed_y_mps": 2.2500000000,
                "absolute_speed_x_mps": 4.2421967104,
                "absolute_speed_y_mps": 1.7392600635,
                "on_coming": false
            },
            {
                "id": 30,
                "status": 1,
                "lateral_rate_mps": -0.0000000000,
                "angle_deg": -2.2000000000,
                "range_m": 50.1000000000,
                "acceleration_mps2": 0.0000000000,
                "speed_mps": 8.9500000000,
                "width_m": 0.0000000000,
                "pos_x_m": 50.0630721122,
                "pos_y_m": 1.9232292353,
                "relative_speed_x_mps": 8.9566017642,
                "relative_speed_y_mps": -0.0000000000,
                "absolute_speed_x_mps": 9.0069517878,
                "absolute_speed_y_mps": -1.3618561233,
                "on_coming": false
            },
            {
                "id": 37,
                "status": 1,
                "lateral_rate_mps": -0.0000000000,
                "angle_deg": 20.4000000000,
                "range_m": 19.1000000000,
                "acceleration_mps2": 0.0000000000,
                "speed_mps": 9.8700000000,
                "width_m": 0.0000000000,
                "pos_x_m": 17.9020859993,
                "pos_y_m": -6.6577261038,
                "relative_speed_x_mps": 10.5304487984,
                "relative_speed_y_mps": -0.0000000000,
                "absolute_speed_x_mps": 10.3561499366,
                "absolute_speed_y_mps": -0.5198834757,
                "on_coming": false
            },
            {
                "id": 39,
                "status": 7,
                "lateral_rate_mps": -0.0000000000,
                "angle_deg": 6.6000000000,
                "range_m": 52.5000000000,
                "acceleration_mps2": 0.0000000000,
                "speed_mps": 8.2800000000,
                "width_m": 0.0000000000,
                "pos_x_m": 52.1520701940,
                "pos_y_m": -6.0342004009,
                "relative_speed_x_mps": 8.3352395865,
                "relative_speed_y_mps": -0.0000000000,
                "absolute_speed_x_mps": 8.1772645894,
                "absolute_speed_y_mps": -1.4165459652,
                "on_coming": false
            },
            {
                "id": 44,
                "status": 4,
                "lateral_rate_mps": 1.0000000000,
                "angle_deg": -27.9000000000,
                "range_m": 32.2000000000,
                "acceleration_mps2": -0.0500000000,
                "speed_mps": -1.5900000000,
                "width_m": 0.0000000000,
                "pos_x_m": 28.4572532889,
                "pos_y_m": 15.0673400192,
                "relative_speed_x_mps": -1.9005270174,
                "relative_speed_y_mps": 1.0000000000,
                "absolute_speed_x_mps": -1.5060649781,
                "absolute_speed_y_mps": 0.2037828908,
                "on_coming": false
            },
            {
                "id": 54,
                "status": 3,
                "lateral_rate_mps": 0.7500000000,
                "angle_deg": 9.1000000000,
                "range_m": 37.9000000000,
                "acceleration_mps2": 0.0000000000,
                "speed_mps": -1.8200000000,
                "width_m": 0.0000000000,
                "pos_x_m": 37.4229832759,
                "pos_y_m": -5.9941907489,
                "relative_speed_x_mps": -2.2315156974,
                "relative_speed_y_mps": 0.7500000000,
                "absolute_speed_x_mps": -2.3884432442,
                "absolute_speed_y_mps": -0.2809393714,
                "on_coming": false
            },
            {
                "id": 62,
                "status": 3,
                "lateral_rate_mps": 1.2500000000,
                "angle_deg": -8.9000000000,
                "range_m": 3.8000000000,
                "acceleration_mps2": 0.5500000000,
                "speed_mps": 0.4300000000,
                "width_m": 0.5000000000,
                "pos_x_m": 3.7542474899,
                "pos_y_m": 0.5878994679,
                "relative_speed_x_mps": 1.8770035249,
                "relative_speed_y_mps": 1.2500000000,
                "absolute_speed_x_mps": 1.8923946970,
                "absolute_speed_y_mps": 1.1005060703,
                "on_coming": false
            }
        ]
    },