{
    "in_vehicle": {
        "wheel_speed_mps": 7.3853194444,
        "yaw_rate_dps": -1.2500000000,
        "acceleration_x_mps2": 1.4400000000,
        "acceleration_y_mps2": -0.1600000000,
        "turn_signal": 1,
        "steering_angle_deg": -10.1000000000,
        "gear": 3
    },
    "scc_radar": {
        "object_count": 26,
        "objects_info": [
            {
                "id": 0,
                "status": 3,
                "lateral_rate_mps": -1.5000000000,
                "angle_deg": -6.2000000000,
                "range_m": 76.3000000000,
                "acceleration_mps2": -1.4500000000,
                "speed_mps": -7.2400000000,
                "width_m": 0.0000000000,
                "pos_x_m": 75.8537185511,
                "pos_y_m": 8.2403508404,
                "relative_speed_x_mps": -7.7418466592,
                "relative_speed_y_mps": -1.5000000000,
                "absolute_speed_x_mps": -7.5620700921,
                "absolute_speed_y_mps": -3.1975447235,
                "on_coming": false
            },
            {
                "id": 3,
                "status": 3,
                "lateral_rate_mps": -0.7500000000,
                "angle_deg": 3.6000000000,
                "range_m": 43.5000000000,
                "acceleration_mps2": -2.5500000000,
                "speed_mps": -1.2300000000,
                "width_m": 0.0000000000,
                "pos_x_m": 43.4141626866,
                "pos_y_m": -2.7313875995,
                "relative_speed_x_mps": -1.5905369837,
                "relative_speed_y_mps": -0.7500000000,
                "absolute_speed_x_mps": -1.6501266172,
                "absolute_speed_y_mps": -1.7398234013,
                "on_coming": false
            },
            {
                "id": 4,
                "status": 3,
                "lateral_rate_mps": -0.0000000000,
                "angle_deg": -1.9000000000,
                "range_m": 78.7000000000,
                "acceleration_mps2": -1.3000000000,
                "speed_mps": -5.8500000000,
                "width_m": 2.0000000000,
                "pos_x_m": 78.6567319946,
                "pos_y_m": 2.6093125392,
                "relative_speed_x_mps": -5.8532180059,
                "relative_speed_y_mps": -0.0000000000,
                "absolute_speed_x_mps": -5.7962916372,
                "absolute_speed_y_mps": -1.7586969904,
                "on_coming": false
            },
            {
                "id": 5,
                "status": 4,
                "lateral_rate_mps": 0.5000000000,
                "angle_deg": -1.8000000000,
                "range_m": 129.5000000000,
                "acceleration_mps2": -0.4000000000,
                "speed_mps": 5.8800000000,
                "width_m": 0.0000000000,
                "pos_x_m": 129.4360995674,
                "pos_y_m": 4.0676933006,
                "relative_speed_x_mps": 5.9408476334,
                "relative_speed_y_mps": 0.5000000000,
                "absolute_speed_x_mps": 6.0295909347,
                "absolute_speed_y_mps": -2.3665309357,
                "on_coming": false
            },
            {
                "id": 6,
                "status": 3,
                "lateral_rate_mps": 0.2500000000,
                "angle_deg": -4.2000000000,
                "range_m": 65.9000000000,
                "acceleration_mps2": -1.7500000000,
                "speed_mps": -4.6800000000,
                "width_m": 0.0000000000,
                "pos_x_m": 65.7230240491,
                "pos_y_m": 4.8263971907,
                "relative_speed_x_mps": -4.6875953155,
                "relative_speed_y_mps": 0.2500000000,
                "absolute_speed_x_mps": -4.5822996631,
                "absolute_speed_y_mps": -1.2265272552,
                "on_coming": false
            },
            {
                "id": 8,
                "status": 4,
                "lateral_rate_mps": 1.5000000000,
                "angle_deg": -19.3000000000,
                "range_m": 22.1000000000,
                "acceleration_mps2": -0.2000000000,
                "speed_mps": -2.4400000000,
                "width_m": 0.0000000000,
                "pos_x_m": 20.8580010300,
                "pos_y_m": 7.3043680790,
                "relative_speed_x_mps": -2.9569567526,
                "relative_speed_y_mps": 1.5000000000,
                "absolute_speed_x_mps": -2.7976001616,
                "absolute_speed_y_mps": 1.0022757081,
                "on_coming": false
            },
            {
                "id": 9,
                "status": 3,
                "lateral_rate_mps": -1.7500000000,
                "angle_deg": 0.4000000000,
                "range_m": 70.6000000000,
                "acceleration_mps2": 0.7000000000,
                "speed_mps": -1.8100000000,
                "width_m": 0.0000000000,
                "pos_x_m": 70.5982795278,
                "pos_y_m": -0.4928769770,
                "relative_speed_x_mps": -3.0589508832,
                "relative_speed_y_mps": -1.7500000000,
                "absolute_speed_x_mps": -3.0697037908,
                "absolute_speed_y_mps": -3.3328888302,
                "on_coming": false
            },
            {
                "id": 11,
                "status": 3,
                "lateral_rate_mps": -0.7500000000,
                "angle_deg": 7.3000000000,
                "range_m": 97.5000000000,
                "acceleration_mps2": -1.0500000000,
                "speed_mps": -7.1800000000,
                "width_m": 1.5000000000,
                "pos_x_m": 96.7097081525,
                "pos_y_m": -12.3887993386,
                "relative_speed_x_mps": -7.2209197089,
                "relative_speed_y_mps": -0.7500000000,
                "absolute_speed_x_mps": -7.4912013825,
                "absolute_speed_y_mps": -2.9025518326,
                "on_coming": false
            },
            {
                "id": 13,
                "status": 3,
                "lateral_rate_mps": -0.7500000000,
                "angle_deg": 10.3000000000,
                "range_m": 17.6000000000,
                "acceleration_mps2": -2.5500000000,
                "speed_mps": 1.9100000000,
                "width_m": 0.0000000000,
                "pos_x_m": 17.3163766676,
                "pos_y_m": -3.1469189860,
                "relative_speed_x_mps": 2.3326693275,
                "relative_speed_y_mps": -0.7500000000,
                "absolute_speed_x_mps": 2.2640142055,
                "absolute_speed_y_mps": -1.1704580344,
                "on_coming": false
            },
            {
                "id": 14,
                "status": 1,
                "lateral_rate_mps": -0.0000000000,
                "angle_deg": 6.6000000000,
                "range_m": 102.5000000000,
                "acceleration_mps2": 0.0000000000,
                "speed_mps": -7.2400000000,
                "width_m": 0.0000000000,
                "pos_x_m": 101.8207084740,
                "pos_y_m": -11.7810579255,
                "relative_speed_x_mps": -7.2883012810,
                "relative_speed_y_mps": -0.0000000000,
                "absolute_speed_x_mps": -7.5453240937,
                "absolute_speed_y_mps": -2.2640565622,
                "on_coming": false
            },
            {
                "id": 15,
                "status": 3,
                "lateral_rate_mps": -0.5000000000,
                "angle_deg": -16.7000000000,
                "range_m": 12.9000000000,
                "acceleration_mps2": -0.3000000000,
                "speed_mps": -5.0900000000,
                "width_m": 2.0000000000,
                "pos_x_m": 12.3559101835,
                "pos_y_m": 3.7069507061,
                "relative_speed_x_mps": -5.5097070867,
                "relative_speed_y_mps": -0.5000000000,
                "absolute_speed_x_mps": -5.4288339680,
                "absolute_speed_y_mps": -0.8122374437,