{
    "in_vehicle": {
        "wheel_speed_mps": 8.8322534722,
        "yaw_rate_dps": 2.3500000000,
        "acceleration_x_mps2": -1.2300000000,
        "acceleration_y_mps2": -0.0400000000,
        "turn_signal": 0,
        "steering_angle_deg": 13.7000000000,
        "gear": 3
    },
    "scc_radar": {
        "object_count": 27,
        "objects_info": [
            {
                "id": 0,
                "status": 3,
                "lateral_rate_mps": -1.7500000000,
                "angle_deg": -5.3000000000,
                "range_m": 114.3000000000,
                "acceleration_mps2": 0.0500000000,
                "speed_mps": -9.0700000000,
                "width_m": 0.0000000000,
                "pos_x_m": 113.8113330025,
                "pos_y_m": 10.5579581451,
                "relative_speed_x_mps": -9.5959233777,
                "relative_speed_y_mps": -1.7500000000,
                "absolute_speed_x_mps": -10.0289605377,
                "absolute_speed_y_mps": 2.9982246488,
                "on_coming": false
            },
            {
                "id": 2,
                "status": 3,
                "lateral_rate_mps": -1.5000000000,
                "angle_deg": 0.0000000000,
                "range_m": 36.0000000000,
                "acceleration_mps2": 1.4000000000,
                "speed_mps": -5.7900000000,
                "width_m": 1.0000000000,
                "pos_x_m": 36.0000000000,
                "pos_y_m": -0.0000000000,
                "relative_speed_x_mps": -6.1663684613,
                "relative_speed_y_mps": -1.5000000000,
                "absolute_speed_x_mps": -6.1663684613,
                "absolute_speed_y_mps": 0.0567743516,
                "on_coming": false
            },
            {
                "id": 3,
                "status": 3,
                "lateral_rate_mps": -0.7500000000,
                "angle_deg": -26.2000000000,
                "range_m": 17.5000000000,
                "acceleration_mps2": 1.0500000000,
                "speed_mps": -8.3700000000,
                "width_m": 1.5000000000,
                "pos_x_m": 15.7020214693,
                "pos_y_m": 7.7263524239,
                "relative_speed_x_mps": -9.7552949146,
                "relative_speed_y_mps": -0.7500000000,
                "absolute_speed_x_mps": -10.0721930937,
                "absolute_speed_y_mps": -0.0257520570,
                "on_coming": false
            },
            {
                "id": 6,
                "status": 3,
                "lateral_rate_mps": 0.5000000000,
                "angle_deg": 21.5000000000,
                "range_m": 6.1000000000,
                "acceleration_mps2": 1.2000000000,
                "speed_mps": -2.5900000000,
                "width_m": 0.5000000000,
                "pos_x_m": 5.6755471647,
                "pos_y_m": -2.2356574830,
                "relative_speed_x_mps": -3.0633778685,
                "relative_speed_y_mps": 0.5000000000,
                "absolute_speed_x_mps": -2.9716818460,
                "absolute_speed_y_mps": 0.8130097189,
                "on_coming": false
            },
            {
                "id": 7,
                "status": 3,
                "lateral_rate_mps": -2.5000000000,
                "angle_deg": 1.4000000000,
                "range_m": 106.9000000000,
                "acceleration_mps2": 1.7000000000,
                "speed_mps": -9.4100000000,
                "width_m": 0.0000000000,
                "pos_x_m": 106.8680892576,
                "pos_y_m": -2.6117998445,
                "relative_speed_x_mps": -9.9977247997,
                "relative_speed_y_mps": -2.5000000000,
                "absolute_speed_x_mps": -9.8906012090,
                "absolute_speed_y_mps": 1.9634458581,
                "on_coming": false
            },
            {
                "id": 12,
                "status": 4,
                "lateral_rate_mps": -0.0000000000,
                "angle_deg": 0.1000000000,
                "range_m": 68.1000000000,
                "acceleration_mps2": 0.0500000000,
                "speed_mps": -9.4800000000,
                "width_m": 0.0000000000,
                "pos_x_m": 68.0998962778,
                "pos_y_m": -0.1188568617,
                "relative_speed_x_mps": -9.4800144389,
                "relative_speed_y_mps": -0.0000000000,
                "absolute_speed_x_mps": -9.4751394965,
                "absolute_speed_y_mps": 2.8733592186,
                "on_coming": false
            },
            {
                "id": 13,
                "status": 3,
                "lateral_rate_mps": 0.2500000000,
                "angle_deg": -4.7000000000,
                "range_m": 18.6000000000,
                "acceleration_mps2": 0.6500000000,
                "speed_mps": -2.2300000000,
                "width_m": 1.0000000000,
                "pos_x_m": 18.5374553948,
                "pos_y_m": 1.5240562605,
                "relative_speed_x_mps": -2.2449848119,
                "relative_speed_y_mps": 0.2500000000,
                "absolute_speed_x_mps": -2.3074943413,
                "absolute_speed_y_mps": 1.0905439386,
                "on_coming": false
            },
            {
                "id": 19,
                "status": 4,
                "lateral_rate_mps": 3.7500000000,
                "angle_deg": -32.7000000000,
                "range_m": 16.4000000000,
                "acceleration_mps2": 2.4500000000,
                "speed_mps": -7.7000000000,
                "width_m": 4.5000000000,
                "pos_x_m": 13.8007768239,
                "pos_y_m": 8.8599412558,
                "relative_speed_x_mps": -8.5784444502,
                "relative_speed_y_mps": 3.7500000000,
                "absolute_speed_x_mps": -8.9418370443,
                "absolute_speed_y_mps": 4.3962679424,
                "on_coming": false
            },
            {
                "id": 21,
                "status": 3,
                "lateral_rate_mps": -2.7500000000,
                "angle_deg": -16.6000000000,
                "range_m": 37.9000000000,
                "acceleration_mps2": 1.4500000000,
                "speed_mps": -8.7100000000,
                "width_m": 2.5000000000,
                "pos_x_m": 36.3204255722,
                "pos_y_m": 10.8275891246,
                "relative_speed_x_mps": -10.6445064864,
                "relative_speed_y_mps": -2.7500000000,
                "absolute_speed_x_mps": -11.0886026250,
                "absolute_speed_y_mps": -1.1800833175,
                "on_coming": false
            },
            {
                "id": 22,
                "status": 4,
                "lateral_rate_mps": -0.7500000000,
                "angle_deg": -40.9000000000,
                "range_m": 11.1000000000,
                "acceleration_mps2": 1.6000000000,
                "speed_mps": -7.8500000000,
                "width_m": 2.5000000000,
                "pos_x_m": 8.3899735078,
                "pos_y_m": 7.2676230323,
                "relative_speed_x_mps": -11.0861369330,
                "relative_speed_y_mps": -0.7500000000,
                "absolute_speed_x_mps": -11.3842202172,
                "absolute_speed_y_mps": -0.3256574402,
                "on_coming": false
            },
            {
                "id": 23,
                "status": 3,
                "lateral_rate_mps": -0.0000000000,
                "angle_deg": -16.0000000000,
                "range_m": 48.0000000000,
                "acceleration_mps2": 0.0500000000,
                "speed_mps": -8.8400000000,
                "width_m": 0.0000000000,
                "pos_x_m": 46.1405614050,
                "pos_y_m": 13.2305930792,
                "relative_speed_x_mps": -9.1962470130,
                "relative_speed_y_mps": -0.0000000000,
                "absolute_speed_x_mps": -9.7389029294,
                "absolute_speed_y_mps": 1.9726918852,