{
    "in_vehicle": {
        "wheel_speed_mps": 9.4138298611,
        "yaw_rate_dps": 0.9400000000,
        "acceleration_x_mps2": 0.4200000000,
        "acceleration_y_mps2": -0.2500000000,
        "turn_signal": 0,
        "steering_angle_deg": 6.0000000000,
        "gear": 3
    },
    "scc_radar": {
        "object_count": 26,
        "objects_info": [
            {
                "id": 2,
                "status": 4,
                "lateral_rate_mps": -0.0000000000,
                "angle_deg": 31.8000000000,
                "range_m": 19.8000000000,
                "acceleration_mps2": -0.0500000000,
                "speed_mps": -8.0500000000,
                "width_m": 0.5000000000,
                "pos_x_m": 16.8278753211,
                "pos_y_m": -10.4337247508,
                "relative_speed_x_mps": -9.4717839869,
                "relative_speed_y_mps": -0.0000000000,
                "absolute_speed_x_mps": -9.3006073077,
                "absolute_speed_y_mps": 0.3081700424,
                "on_coming": false
            },
            {
                "id": 3,
                "status": 1,
                "lateral_rate_mps": -0.0000000000,
                "angle_deg": 26.4000000000,
                "range_m": 22.6000000000,
                "acceleration_mps2": 0.0000000000,
                "speed_mps": -44.2200000000,
                "width_m": 0.0000000000,
                "pos_x_m": 20.2430857814,
                "pos_y_m": -10.0487550496,
                "relative_speed_x_mps": -49.3685602478,
                "relative_speed_y_mps": -0.0000000000,
                "absolute_speed_x_mps": -49.2036994181,
                "absolute_speed_y_mps": 0.3642003095,
                "on_coming": false
            },
            {
                "id": 9,
                "status": 3,
                "lateral_rate_mps": 0.5000000000,
                "angle_deg": -25.7000000000,
                "range_m": 18.2000000000,
                "acceleration_mps2": -0.4500000000,
                "speed_mps": -6.9700000000,
                "width_m": 0.0000000000,
                "pos_x_m": 16.3996017881,
                "pos_y_m": 7.8925953395,
                "relative_speed_x_mps": -7.5278377182,
                "relative_speed_y_mps": 0.5000000000,
                "absolute_speed_x_mps": -7.6573243869,
                "absolute_speed_y_mps": 0.8011437461,
                "on_coming": false
            },
            {
                "id": 12,
                "status": 3,
                "lateral_rate_mps": -2.0000000000,
                "angle_deg": 24.0000000000,
                "range_m": 24.6000000000,
                "acceleration_mps2": 0.5000000000,
                "speed_mps": -8.5100000000,
                "width_m": 1.5000000000,
                "pos_x_m": 22.4732182580,
                "pos_y_m": -10.0057214197,
                "relative_speed_x_mps": -8.8870071181,
                "relative_speed_y_mps": -2.0000000000,
                "absolute_speed_x_mps": -8.7228523023,
                "absolute_speed_y_mps": -1.5992119252,
                "on_coming": false
            },
            {
                "id": 13,
                "status": 3,
                "lateral_rate_mps": 0.5000000000,
                "angle_deg": -4.1000000000,
                "range_m": 21.7000000000,
                "acceleration_mps2": 0.0500000000,
                "speed_mps": 1.7000000000,
                "width_m": 1.0000000000,
                "pos_x_m": 21.6444649896,
                "pos_y_m": 1.5514945420,
                "relative_speed_x_mps": 1.8783780149,
                "relative_speed_y_mps": 0.5000000000,
                "absolute_speed_x_mps": 1.8529240481,
                "absolute_speed_y_mps": 0.8871914699,
                "on_coming": false
            },
            {
                "id": 15,
                "status": 3,
                "lateral_rate_mps": -0.0000000000,
                "angle_deg": 1.5000000000,
                "range_m": 32.9000000000,
                "acceleration_mps2": -0.8000000000,
                "speed_mps": -1.6100000000,
                "width_m": 0.5000000000,
                "pos_x_m": 32.8887259917,
                "pos_y_m": -0.8612215993,
                "relative_speed_x_mps": -1.6105518959,
                "relative_speed_y_mps": -0.0000000000,
                "absolute_speed_x_mps": -1.5964226126,
                "absolute_speed_y_mps": 0.5716658838,
                "on_coming": false
            },
            {
                "id": 16,
                "status": 1,
                "lateral_rate_mps": -0.0000000000,
                "angle_deg": 27.3000000000,
                "range_m": 22.7000000000,
                "acceleration_mps2": 0.0000000000,
                "speed_mps": -8.2600000000,
                "width_m": 0.0000000000,
                "pos_x_m": 20.1716111813,
                "pos_y_m": -10.4113448868,
                "relative_speed_x_mps": -9.2953407794,
                "relative_speed_y_mps": -0.0000000000,
                "absolute_speed_x_mps": -9.1245312665,
                "absolute_speed_y_mps": 0.3630276905,
                "on_coming": false
            },
            {
                "id": 18,
                "status": 3,
                "lateral_rate_mps": -0.7500000000,
                "angle_deg": -16.3000000000,
                "range_m": 34.9000000000,
                "acceleration_mps2": 0.0500000000,
                "speed_mps": -6.8700000000,
                "width_m": 1.0000000000,
                "pos_x_m": 33.4972046899,
                "pos_y_m": 9.7952681413,
                "relative_speed_x_mps": -7.4528773630,
                "relative_speed_y_mps": -0.7500000000,
                "absolute_speed_x_mps": -7.6135794624,
                "absolute_speed_y_mps": -0.1683513569,
                "on_coming": false
            },
            {
                "id": 21,
                "status": 3,
                "lateral_rate_mps": -0.2500000000,
                "angle_deg": -30.2000000000,
                "range_m": 16.8000000000,
                "acceleration_mps2": 0.4000000000,
                "speed_mps": -6.9100000000,
                "width_m": 2.0000000000,
                "pos_x_m": 14.5198166728,
                "pos_y_m": 8.4507351034,
                "relative_speed_x_mps": -8.1483196489,
                "relative_speed_y_mps": -0.2500000000,
                "absolute_speed_x_mps": -8.2869632116,
                "absolute_speed_y_mps": 0.0203038130,
                "on_coming": false
            },
            {
                "id": 26,
                "status": 3,
                "lateral_rate_mps": -0.2500000000,
                "angle_deg": -5.8000000000,
                "range_m": 64.1000000000,
                "acceleration_mps2": -0.6500000000,
                "speed_mps": 0.2500000000,
                "width_m": 2.0000000000,
                "pos_x_m": 63.7718534359,
                "pos_y_m": 6.4777086494,
                "relative_speed_x_mps": 0.4195561306,
                "relative_speed_y_mps": -0.2500000000,
                "absolute_speed_x_mps": 0.3132822273,
                "absolute_speed_y_mps": 0.8283374056,
                "on_coming": false
            },
            {
                "id": 27,
                "status": 4,
                "lateral_rate_mps": -0.5000000000,
                "angle_deg": 0.7000000000,
                "range_m": 96.8000000000,
                "acceleration_mps2": -1.3000000000,
                "speed_mps": 0.5400000000,
                "width_m": 0.0000000000,
                "pos_x_m": 96.7927757831,
                "pos_y_m": -1.1826056809,
                "relative_speed_x_mps": 0.8934646126,
                "relative_speed_y_mps": -0.5000000000,
                "absolute_speed_x_mps": 0.9128665537,
                "absolute_speed_y_mps": 1.1200817935,