{
    "in_vehicle": {
        "wheel_speed_mps": 10.1740833333,
        "yaw_rate_dps": 1.1700000000,
        "acceleration_x_mps2": -1.3300000000,
        "acceleration_y_mps2": -0.0400000000,
        "turn_signal": 0,
        "steering_angle_deg": 6.6000000000,
        "gear": 3
    },
    "scc_radar": {
        "object_count": 25,
        "objects_info": [
            {
                "id": 0,
                "status": 4,
                "lateral_rate_mps": -0.0000000000,
                "angle_deg": 35.2000000000,
                "range_m": 17.5000000000,
                "acceleration_mps2": 1.3000000000,
                "speed_mps": -8.8400000000,
                "width_m": 0.5000000000,
                "pos_x_m": 14.3000357209,
                "pos_y_m": -10.0875655330,
                "relative_speed_x_mps": -10.8181547948,
                "relative_speed_y_mps": -0.0000000000,
                "absolute_speed_x_mps": -10.6121631533,
                "absolute_speed_y_mps": 0.3319539756,
                "on_coming": false
            },
            {
                "id": 2,
                "status": 3,
                "lateral_rate_mps": -3.2500000000,
                "angle_deg": -1.4000000000,
                "range_m": 42.7000000000,
                "acceleration_mps2": 1.0500000000,
                "speed_mps": -7.0800000000,
                "width_m": 0.0000000000,
                "pos_x_m": 42.6872536137,
                "pos_y_m": 1.0432540071,
                "relative_speed_x_mps": -8.5095645690,
                "relative_speed_y_mps": -3.2500000000,
                "absolute_speed_x_mps": -8.5308681833,
                "absolute_speed_y_mps": -2.3383690357,
                "on_coming": false
            },
            {
                "id": 5,
                "status": 4,
                "lateral_rate_mps": -1.7500000000,
                "angle_deg": -7.1000000000,
                "range_m": 66.6000000000,
                "acceleration_mps2": -0.0500000000,
                "speed_mps": -9.3300000000,
                "width_m": 0.0000000000,
                "pos_x_m": 66.0893070632,
                "pos_y_m": 8.2318583509,
                "relative_speed_x_mps": -9.9333148773,
                "relative_speed_y_mps": -1.7500000000,
                "absolute_speed_x_mps": -10.1014123245,
                "absolute_speed_y_mps": -0.3604908609,
                "on_coming": false
            },
            {
                "id": 6,
                "status": 3,
                "lateral_rate_mps": -0.2500000000,
                "angle_deg": 25.6000000000,
                "range_m": 6.3000000000,
                "acceleration_mps2": 1.5500000000,
                "speed_mps": -3.6200000000,
                "width_m": 2.0000000000,
                "pos_x_m": 5.6815449164,
                "pos_y_m": -2.7221402175,
                "relative_speed_x_mps": -3.9102854131,
                "relative_speed_y_mps": -0.2500000000,
                "absolute_speed_x_mps": -3.8546983510,
                "absolute_speed_y_mps": -0.0940386425,
                "on_coming": false
            },
            {
                "id": 7,
                "status": 2,
                "lateral_rate_mps": -0.0000000000,
                "angle_deg": 0.4000000000,
                "range_m": 116.1000000000,
                "acceleration_mps2": 0.0000000000,
                "speed_mps": -10.3500000000,
                "width_m": 0.0000000000,
                "pos_x_m": 116.0971707249,
                "pos_y_m": -0.8105243206,
                "relative_speed_x_mps": -10.3502522283,
                "relative_speed_y_mps": -0.0000000000,
                "absolute_speed_x_mps": -10.3337010362,
                "absolute_speed_y_mps": 2.4106873302,
                "on_coming": false
            },
            {
                "id": 13,
                "status": 3,
                "lateral_rate_mps": -0.2500000000,
                "angle_deg": -4.0000000000,
                "range_m": 21.2000000000,
                "acceleration_mps2": 0.3000000000,
                "speed_mps": -2.8900000000,
                "width_m": 0.5000000000,
                "pos_x_m": 21.1483578655,
                "pos_y_m": 1.4788372434,
                "relative_speed_x_mps": -2.9359046901,
                "relative_speed_y_mps": -0.2500000000,
                "absolute_speed_x_mps": -2.9661030675,
                "absolute_speed_y_mps": 0.2217991261,
                "on_coming": false
            },
            {
                "id": 17,
                "status": 3,
                "lateral_rate_mps": -1.2500000000,
                "angle_deg": -26.1000000000,
                "range_m": 16.7000000000,
                "acceleration_mps2": 1.9000000000,
                "speed_mps": -9.4800000000,
                "width_m": 2.5000000000,
                "pos_x_m": 14.9970605152,
                "pos_y_m": 7.3469841366,
                "relative_speed_x_mps": -11.3078702048,
                "relative_speed_y_mps": -1.2500000000,
                "absolute_speed_x_mps": -11.4578982088,
                "absolute_speed_y_mps": -0.9038125326,
                "on_coming": false
            },
            {
                "id": 19,
                "status": 3,
                "lateral_rate_mps": -1.2500000000,
                "angle_deg": -20.0000000000,
                "range_m": 24.6000000000,
                "acceleration_mps2": 1.4500000000,
                "speed_mps": -9.8700000000,
                "width_m": 1.0000000000,
                "pos_x_m": 23.1164384713,
                "pos_y_m": 8.4136955258,
                "relative_speed_x_mps": -11.1000663842,
                "relative_speed_y_mps": -1.2500000000,
                "absolute_speed_x_mps": -11.2718770105,
                "absolute_speed_y_mps": -0.7380119747,
                "on_coming": false
            },
            {
                "id": 25,
                "status": 4,
                "lateral_rate_mps": 0.7500000000,
                "angle_deg": -0.4000000000,
                "range_m": 72.1000000000,
                "acceleration_mps2": 0.0000000000,
                "speed_mps": -10.6900000000,
                "width_m": 0.0000000000,
                "pos_x_m": 72.0982429739,
                "pos_y_m": 0.5033488675,
                "relative_speed_x_mps": -10.7375391646,
                "relative_speed_y_mps": 0.7500000000,
                "absolute_speed_x_mps": -10.7478177258,
                "absolute_speed_y_mps": 2.2622137270,
                "on_coming": false
            },
            {
                "id": 26,
                "status": 4,
                "lateral_rate_mps": -0.0000000000,
                "angle_deg": -8.6000000000,
                "range_m": 54.7000000000,
                "acceleration_mps2": 0.7000000000,
                "speed_mps": -3.3700000000,
                "width_m": 0.0000000000,
                "pos_x_m": 54.0849740433,
                "pos_y_m": 8.1795832864,
                "relative_speed_x_mps": -3.4083218724,
                "relative_speed_y_mps": -0.0000000000,
                "absolute_speed_x_mps": -3.5753518444,
                "absolute_speed_y_mps": 1.1443764303,
                "on_coming": false
            },
            {
                "id": 30,
                "status": 4,
                "lateral_rate_mps": -0.2500000000,
                "angle_deg": -24.7000000000,
                "range_m": 27.6000000000,
                "acceleration_mps2": 0.5000000000,
                "speed_mps": -9.9100000000,
                "width_m": 0.0000000000,
                "pos_x_m": 25.0748256997,
                "pos_y_m": 11.5331312369,
                "relative_speed_x_mps": -11.0286477430,
                "relative_speed_y_mps": -0.2500000000,
                "absolute_speed_x_mps": -11.2641583454,
                "absolute_speed_y_mps": 0.3019789824,