{
    "in_vehicle": {
        "wheel_speed_mps": 7.0139513889,
        "yaw_rate_dps": 1.5500000000,
        "acceleration_x_mps2": 0.0100000000,
        "acceleration_y_mps2": -0.2300000000,
        "turn_signal": 0,
        "steering_angle_deg": 12.2000000000,
        "gear": 3
    },
    "scc_radar": {
        "object_count": 20,
        "objects_info": [
            {
                "id": 0,
                "status": 3,
                "lateral_rate_mps": 3.2500000000,
                "angle_deg": -15.7000000000,
                "range_m": 37.3000000000,
                "acceleration_mps2": 0.0000000000,
                "speed_mps": -5.4500000000,
                "width_m": 0.0000000000,
                "pos_x_m": 35.9084021417,
                "pos_y_m": 10.0933966349,
                "relative_speed_x_mps": -6.6079821353,
                "relative_speed_y_mps": 3.2500000000,
                "absolute_speed_x_mps": -6.8810347915,
                "absolute_speed_y_mps": 4.2743306543,
                "on_coming": false
            },
            {
                "id": 3,
                "status": 3,
                "lateral_rate_mps": -1.5000000000,
                "angle_deg": -5.1000000000,
                "range_m": 33.7000000000,
                "acceleration_mps2": 0.0500000000,
                "speed_mps": 1.5300000000,
                "width_m": 0.0000000000,
                "pos_x_m": 33.5665839043,
                "pos_y_m": 2.9957378044,
                "relative_speed_x_mps": 2.5428708885,
                "relative_speed_y_mps": -1.5000000000,
                "absolute_speed_x_mps": 2.4618283818,
                "absolute_speed_y_mps": -0.5390216257,
                "on_coming": false
            },
            {
                "id": 4,
                "status": 3,
                "lateral_rate_mps": 0.2500000000,
                "angle_deg": 2.6000000000,
                "range_m": 68.8000000000,
                "acceleration_mps2": 0.0000000000,
                "speed_mps": -7.0300000000,
                "width_m": 1.5000000000,
                "pos_x_m": 68.7291752016,
                "pos_y_m": -3.1209735833,
                "relative_speed_x_mps": -7.0574582283,
                "relative_speed_y_mps": 0.2500000000,
                "absolute_speed_x_mps": -6.9730277677,
                "absolute_speed_y_mps": 2.1622180114,
                "on_coming": false
            },
            {
                "id": 7,
                "status": 3,
                "lateral_rate_mps": 0.5000000000,
                "angle_deg": 1.5000000000,
                "range_m": 43.4000000000,
                "acceleration_mps2": -0.7000000000,
                "speed_mps": 5.7300000000,
                "width_m": 0.0000000000,
                "pos_x_m": 43.3851279039,
                "pos_y_m": -1.1360795566,
                "relative_speed_x_mps": 5.7624203475,
                "relative_speed_y_mps": 0.5000000000,
                "absolute_speed_x_mps": 5.7931542572,
                "absolute_speed_y_mps": 1.7265955512,
                "on_coming": false
            },
            {
                "id": 9,
                "status": 3,
                "lateral_rate_mps": 2.2500000000,
                "angle_deg": -9.4000000000,
                "range_m": 102.5000000000,
                "acceleration_mps2": -0.0500000000,
                "speed_mps": 6.3900000000,
                "width_m": 0.0000000000,
                "pos_x_m": 101.1236465647,
                "pos_y_m": 16.7409111298,
                "relative_speed_x_mps": 7.5524869182,
                "relative_speed_y_mps": 2.2500000000,
                "absolute_speed_x_mps": 7.0996016888,
                "absolute_speed_y_mps": 5.0385727977,
                "on_coming": false
            },
            {
                "id": 13,
                "status": 3,
                "lateral_rate_mps": -0.0000000000,
                "angle_deg": -4.5000000000,
                "range_m": 11.1000000000,
                "acceleration_mps2": 0.4500000000,
                "speed_mps": 0.9400000000,
                "width_m": 1.5000000000,
                "pos_x_m": 11.0657824044,
                "pos_y_m": 0.8708959626,
                "relative_speed_x_mps": 0.9429066666,
                "relative_speed_y_mps": -0.0000000000,
                "absolute_speed_x_mps": 0.9193466635,
                "absolute_speed_y_mps": 0.3522731150,
                "on_coming": false
            },
            {
                "id": 15,
                "status": 3,
                "lateral_rate_mps": 0.5000000000,
                "angle_deg": 21.3000000000,
                "range_m": 7.1000000000,
                "acceleration_mps2": 0.3500000000,
                "speed_mps": 5.1400000000,
                "width_m": 2.0000000000,
                "pos_x_m": 6.6150077159,
                "pos_y_m": -2.5790837364,
                "relative_speed_x_mps": 5.3686774683,
                "relative_speed_y_mps": 0.5000000000,
                "absolute_speed_x_mps": 5.4384483978,
                "absolute_speed_y_mps": 0.7318680725,
                "on_coming": false
            },
            {
                "id": 28,
                "status": 3,
                "lateral_rate_mps": -0.0000000000,
                "angle_deg": -13.7000000000,
                "range_m": 54.0000000000,
                "acceleration_mps2": -0.0500000000,
                "speed_mps": -5.0900000000,
                "width_m": 0.0000000000,
                "pos_x_m": 52.4636524799,
                "pos_y_m": 12.7892598875,
                "relative_speed_x_mps": -5.2390557464,
                "relative_speed_y_mps": -0.0000000000,
                "absolute_speed_x_mps": -5.5850385220,
                "absolute_speed_y_mps": 1.4721932760,
                "on_coming": false
            },
            {
                "id": 32,
                "status": 4,
                "lateral_rate_mps": 0.7500000000,
                "angle_deg": 13.6000000000,
                "range_m": 22.9000000000,
                "acceleration_mps2": -0.2000000000,
                "speed_mps": 5.3400000000,
                "width_m": 0.5000000000,
                "pos_x_m": 22.2579069132,
                "pos_y_m": -5.3847543900,
                "relative_speed_x_mps": 5.4174492121,
                "relative_speed_y_mps": 0.7500000000,
                "absolute_speed_x_mps": 5.5631208371,
                "absolute_speed_y_mps": 1.4050492206,
                "on_coming": false
            },
            {
                "id": 33,
                "status": 1,
                "lateral_rate_mps": -0.0000000000,
                "angle_deg": 7.9000000000,
                "range_m": 49.7000000000,
                "acceleration_mps2": 0.0000000000,
                "speed_mps": -6.9100000000,
                "width_m": 0.0000000000,
                "pos_x_m": 49.2283203229,
                "pos_y_m": -6.8309939380,
                "relative_speed_x_mps": -6.9762079581,
                "relative_speed_y_mps": -0.0000000000,
                "absolute_speed_x_mps": -6.7914117882,
                "absolute_speed_y_mps": 1.3846691183,
                "on_coming": false
            },
            {
                "id": 34,
                "status": 3,
                "lateral_rate_mps": -1.7500000000,
                "angle_deg": 4.8000000000,
                "range_m": 61.4000000000,
                "acceleration_mps2": 0.0000000000,
                "speed_mps": -7.0300000000,
                "width_m": 0.0000000000,
                "pos_x_m": 61.1846615579,
                "pos_y_m": -5.1378195806,
                "relative_speed_x_mps": -7.3377495023,
                "relative_speed_y_mps": -1.7500000000,
                "absolute_speed_x_mps": -7.1987581068,
                "absolute_speed_y_mps": -0.0418807241,