{
    "in_vehicle": {
        "wheel_speed_mps": 6.9929305556,
        "yaw_rate_dps": 1.2100000000,
        "acceleration_x_mps2": 0.2200000000,
        "acceleration_y_mps2": -0.1600000000,
        "turn_signal": 0,
        "steering_angle_deg": 9.0000000000,
        "gear": 3
    },
    "scc_radar": {
        "object_count": 21,
        "objects_info": [
            {
                "id": 3,
                "status": 2,
                "lateral_rate_mps": -0.5000000000,
                "angle_deg": -6.0000000000,
                "range_m": 33.0000000000,
                "acceleration_mps2": -0.0500000000,
                "speed_mps": 1.5500000000,
                "width_m": 0.0000000000,
                "pos_x_m": 32.8192225472,
                "pos_y_m": 3.4494392878,
                "relative_speed_x_mps": 1.6637286365,
                "relative_speed_y_mps": -0.5000000000,
                "absolute_speed_x_mps": 1.5908817083,
                "absolute_speed_y_mps": 0.2343999792,
                "on_coming": false
            },
            {
                "id": 4,
                "status": 2,
                "lateral_rate_mps": 0.2500000000,
                "angle_deg": 2.6000000000,
                "range_m": 69.8000000000,
                "acceleration_mps2": 0.0000000000,
                "speed_mps": -6.9500000000,
                "width_m": 0.0000000000,
                "pos_x_m": 69.7281457714,
                "pos_y_m": -3.1663365714,
                "relative_speed_x_mps": -6.9774774950,
                "relative_speed_y_mps": 0.2500000000,
                "absolute_speed_x_mps": -6.9106092670,
                "absolute_speed_y_mps": 1.7638604819,
                "on_coming": false
            },
            {
                "id": 6,
                "status": 4,
                "lateral_rate_mps": -0.2500000000,
                "angle_deg": -29.9000000000,
                "range_m": 15.5000000000,
                "acceleration_mps2": -0.6500000000,
                "speed_mps": -3.1200000000,
                "width_m": 0.0000000000,
                "pos_x_m": 13.4368996085,
                "pos_y_m": 7.7265599662,
                "relative_speed_x_mps": -3.7594625416,
                "relative_speed_y_mps": -0.2500000000,
                "absolute_speed_x_mps": -3.9226357742,
                "absolute_speed_y_mps": 0.0750747033,
                "on_coming": false
            },
            {
                "id": 7,
                "status": 3,
                "lateral_rate_mps": 0.5000000000,
                "angle_deg": 2.1000000000,
                "range_m": 40.5000000000,
                "acceleration_mps2": -0.5500000000,
                "speed_mps": 6.2000000000,
                "width_m": 0.0000000000,
                "pos_x_m": 40.4727999480,
                "pos_y_m": -1.4840702026,
                "relative_speed_x_mps": 6.2261163515,
                "relative_speed_y_mps": 0.5000000000,
                "absolute_speed_x_mps": 6.2574576643,
                "absolute_speed_y_mps": 1.3960319307,
                "on_coming": false
            },
            {
                "id": 9,
                "status": 3,
                "lateral_rate_mps": 2.2500000000,
                "angle_deg": -9.2000000000,
                "range_m": 99.3000000000,
                "acceleration_mps2": -0.0500000000,
                "speed_mps": 6.5500000000,
                "width_m": 0.0000000000,
                "pos_x_m": 98.0226311217,
                "pos_y_m": 15.8762019378,
                "relative_speed_x_mps": 7.6890742702,
                "relative_speed_y_mps": 2.2500000000,
                "absolute_speed_x_mps": 7.3537929544,
                "absolute_speed_y_mps": 4.3613971166,
                "on_coming": false
            },
            {
                "id": 12,
                "status": 4,
                "lateral_rate_mps": -0.2500000000,
                "angle_deg": 15.9000000000,
                "range_m": 30.9000000000,
                "acceleration_mps2": -0.0500000000,
                "speed_mps": -6.6300000000,
                "width_m": 1.0000000000,
                "pos_x_m": 29.7178064651,
                "pos_y_m": -8.4653398576,
                "relative_speed_x_mps": -6.8316859895,
                "relative_speed_y_mps": -0.2500000000,
                "absolute_speed_x_mps": -6.6529108456,
                "absolute_speed_y_mps": 0.4189027734,
                "on_coming": false
            },
            {
                "id": 13,
                "status": 3,
                "lateral_rate_mps": 0.5000000000,
                "angle_deg": -4.3000000000,
                "range_m": 10.8000000000,
                "acceleration_mps2": 0.5500000000,
                "speed_mps": 0.8100000000,
                "width_m": 0.5000000000,
                "pos_x_m": 10.7695994421,
                "pos_y_m": 0.8097702497,
                "relative_speed_x_mps": 1.1055762514,
                "relative_speed_y_mps": 0.5000000000,
                "absolute_speed_x_mps": 1.0884751314,
                "absolute_speed_y_mps": 0.7687453676,
                "on_coming": false
            },
            {
                "id": 15,
                "status": 4,
                "lateral_rate_mps": 1.2500000000,
                "angle_deg": 19.6000000000,
                "range_m": 7.6000000000,
                "acceleration_mps2": 0.4000000000,
                "speed_mps": 5.0200000000,
                "width_m": 0.0000000000,
                "pos_x_m": 7.1596366412,
                "pos_y_m": -2.5494319301,
                "relative_speed_x_mps": 5.1937564785,
                "relative_speed_y_mps": 1.2500000000,
                "absolute_speed_x_mps": 5.2475966158,
                "absolute_speed_y_mps": 1.4425084261,
                "on_coming": false
            },
            {
                "id": 17,
                "status": 4,
                "lateral_rate_mps": 1.7500000000,
                "angle_deg": -7.9000000000,
                "range_m": 71.1000000000,
                "acceleration_mps2": 0.8500000000,
                "speed_mps": 5.8800000000,
                "width_m": 0.0000000000,
                "pos_x_m": 70.4252228362,
                "pos_y_m": 9.7723072232,
                "relative_speed_x_mps": 6.6563625049,
                "relative_speed_y_mps": 1.7500000000,
                "absolute_speed_x_mps": 6.4499861917,
                "absolute_speed_y_mps": 3.2785816927,
                "on_coming": false
            },
            {
                "id": 19,
                "status": 4,
                "lateral_rate_mps": 2.5000000000,
                "angle_deg": -8.6000000000,
                "range_m": 138.5000000000,
                "acceleration_mps2": -0.0500000000,
                "speed_mps": -6.8400000000,
                "width_m": 0.0000000000,
                "pos_x_m": 136.9427587750,
                "pos_y_m": 20.7106450669,
                "relative_speed_x_mps": -7.4342157711,
                "relative_speed_y_mps": 2.5000000000,
                "absolute_speed_x_mps": -7.8715931965,
                "absolute_speed_y_mps": 5.4333312077,
                "on_coming": false
            },
            {
                "id": 21,
                "status": 2,
                "lateral_rate_mps": -0.0000000000,
                "angle_deg": 10.4000000000,
                "range_m": 43.5000000000,
                "acceleration_mps2": 0.0000000000,
                "speed_mps": -6.8500000000,
                "width_m": 0.0000000000,
                "pos_x_m": 42.7853589804,
                "pos_y_m": -7.8525828184,
                "relative_speed_x_mps": -6.9644150967,
                "relative_speed_y_mps": -0.0000000000,
                "absolute_speed_x_mps": -6.7985804525,
                "absolute_speed_y_mps": 0.9448696715,