{
    "in_vehicle": {
        "wheel_speed_mps": 7.5815138889,
        "yaw_rate_dps": 2.1700000000,
        "acceleration_x_mps2": -1.4800000000,
        "acceleration_y_mps2": -0.1400000000,
        "turn_signal": 0,
        "steering_angle_deg": 15.0000000000,
        "gear": 3
    },
    "scc_radar": {
        "object_count": 25,
        "objects_info": [
            {
                "id": 2,
                "status": 3,
                "lateral_rate_mps": -0.2500000000,
                "angle_deg": 0.3000000000,
                "range_m": 30.4000000000,
                "acceleration_mps2": 1.0500000000,
                "speed_mps": -5.0800000000,
                "width_m": 1.0000000000,
                "pos_x_m": 30.3995832843,
                "pos_y_m": -0.1591733005,
                "relative_speed_x_mps": -5.0910519061,
                "relative_speed_y_mps": -0.2500000000,
                "absolute_speed_x_mps": -5.0850234331,
                "absolute_speed_y_mps": 0.9754238676,
                "on_coming": false
            },
            {
                "id": 6,
                "status": 4,
                "lateral_rate_mps": -0.0000000000,
                "angle_deg": 32.1000000000,
                "range_m": 4.4000000000,
                "acceleration_mps2": 1.2000000000,
                "speed_mps": -1.5000000000,
                "width_m": 0.0000000000,
                "pos_x_m": 3.7273364541,
                "pos_y_m": -2.3381537499,
                "relative_speed_x_mps": -1.7707014329,
                "relative_speed_y_mps": -0.0000000000,
                "absolute_speed_x_mps": -1.6821470283,
                "absolute_speed_y_mps": 0.2152486660,
                "on_coming": false
            },
            {
                "id": 10,
                "status": 4,
                "lateral_rate_mps": -1.5000000000,
                "angle_deg": -23.1000000000,
                "range_m": 20.3000000000,
                "acceleration_mps2": 0.9500000000,
                "speed_mps": -7.4500000000,
                "width_m": 1.0000000000,
                "pos_x_m": 18.6723763956,
                "pos_y_m": 7.9644434671,
                "relative_speed_x_mps": -8.9929776997,
                "relative_speed_y_mps": -1.5000000000,
                "absolute_speed_x_mps": -9.2946202024,
                "absolute_speed_y_mps": -0.7187282002,
                "on_coming": false
            },
            {
                "id": 13,
                "status": 3,
                "lateral_rate_mps": -0.2500000000,
                "angle_deg": -3.6000000000,
                "range_m": 17.1000000000,
                "acceleration_mps2": 1.1000000000,
                "speed_mps": -1.0900000000,
                "width_m": 2.5000000000,
                "pos_x_m": 17.0662570561,
                "pos_y_m": 1.0737178840,
                "relative_speed_x_mps": -1.1629301278,
                "relative_speed_y_mps": -0.2500000000,
                "absolute_speed_x_mps": -1.2035957375,
                "absolute_speed_y_mps": 0.4704422064,
                "on_coming": false
            },
            {
                "id": 14,
                "status": 4,
                "lateral_rate_mps": -1.5000000000,
                "angle_deg": 8.3000000000,
                "range_m": 44.7000000000,
                "acceleration_mps2": 0.3000000000,
                "speed_mps": -8.5800000000,
                "width_m": 0.0000000000,
                "pos_x_m": 44.2318027714,
                "pos_y_m": -6.4527221847,
                "relative_speed_x_mps": -8.7141377587,
                "relative_speed_y_mps": -1.5000000000,
                "absolute_speed_x_mps": -8.4697496509,
                "absolute_speed_y_mps": 0.2493004348,
                "on_coming": false
            },
            {
                "id": 19,
                "status": 1,
                "lateral_rate_mps": -0.0000000000,
                "angle_deg": 6.6000000000,
                "range_m": 52.1000000000,
                "acceleration_mps2": 0.0000000000,
                "speed_mps": -7.6500000000,
                "width_m": 0.0000000000,
                "pos_x_m": 51.7547210878,
                "pos_y_m": -5.9882255407,
                "relative_speed_x_mps": -7.7010365745,
                "relative_speed_y_mps": -0.0000000000,
                "absolute_speed_x_mps": -7.4742406476,
                "absolute_speed_y_mps": 2.0342207707,
                "on_coming": false
            },
            {
                "id": 21,
                "status": 3,
                "lateral_rate_mps": -1.7500000000,
                "angle_deg": -18.0000000000,
                "range_m": 30.6000000000,
                "acceleration_mps2": 1.4500000000,
                "speed_mps": -7.4300000000,
                "width_m": 2.0000000000,
                "pos_x_m": 29.1023293986,
                "pos_y_m": 9.4559200279,
                "relative_speed_x_mps": -8.7387482939,
                "relative_speed_y_mps": -1.7500000000,
                "absolute_speed_x_mps": -9.0968784500,
                "absolute_speed_y_mps": -0.5737078653,
                "on_coming": false
            },
            {
                "id": 22,
                "status": 4,
                "lateral_rate_mps": -1.7500000000,
                "angle_deg": 3.6000000000,
                "range_m": 60.4000000000,
                "acceleration_mps2": 0.0500000000,
                "speed_mps": -8.0100000000,
                "width_m": 0.0000000000,
                "pos_x_m": 60.2808143971,
                "pos_y_m": -3.7925473796,
                "relative_speed_x_mps": -8.2936050157,
                "relative_speed_y_mps": -1.7500000000,
                "absolute_speed_x_mps": -8.1499674235,
                "absolute_speed_y_mps": 0.6071350000,
                "on_coming": false
            },
            {
                "id": 23,
                "status": 3,
                "lateral_rate_mps": -2.5000000000,
                "angle_deg": -15.6000000000,
                "range_m": 39.0000000000,
                "acceleration_mps2": 1.3000000000,
                "speed_mps": -7.5400000000,
                "width_m": 1.0000000000,
                "pos_x_m": 37.5633401051,
                "pos_y_m": 10.4878730040,
                "relative_speed_x_mps": -9.2303479996,
                "relative_speed_y_mps": -2.5000000000,
                "absolute_speed_x_mps": -9.6275619762,
                "absolute_speed_y_mps": -1.0032585514,
                "on_coming": false
            },
            {
                "id": 30,
                "status": 7,
                "lateral_rate_mps": -0.5000000000,
                "angle_deg": -13.7000000000,
                "range_m": 45.7000000000,
                "acceleration_mps2": 0.0000000000,
                "speed_mps": -7.7500000000,
                "width_m": 0.0000000000,
                "pos_x_m": 44.3997947839,
                "pos_y_m": 10.8235032752,
                "relative_speed_x_mps": -8.1296481660,
                "relative_speed_y_mps": -0.5000000000,
                "absolute_speed_x_mps": -8.5395736842,
                "absolute_speed_y_mps": 1.2556629046,
                "on_coming": false
            },
            {
                "id": 31,
                "status": 3,
                "lateral_rate_mps": -0.2500000000,
                "angle_deg": 10.4000000000,
                "range_m": 12.9000000000,
                "acceleration_mps2": 1.1000000000,
                "speed_mps": -2.4200000000,
                "width_m": 3.0000000000,
                "pos_x_m": 12.6880719735,
                "pos_y_m": -2.3286969737,
                "relative_speed_x_mps": -2.4402851073,
                "relative_speed_y_mps": -0.2500000000,
                "absolute_speed_x_mps": -2.3520888654,
                "absolute_speed_y_mps": 0.3046243799,