{
    "in_vehicle": {
        "wheel_speed_mps": 7.1610972222,
        "yaw_rate_dps": 2.0300000000,
        "acceleration_x_mps2": -0.8100000000,
        "acceleration_y_mps2": 0.0300000000,
        "turn_signal": 0,
        "steering_angle_deg": 15.1000000000,
        "gear": 3
    },
    "scc_radar": {
        "object_count": 21,
        "objects_info": [
            {
                "id": 2,
                "status": 3,
                "lateral_rate_mps": -0.5000000000,
                "angle_deg": 1.1000000000,
                "range_m": 29.2000000000,
                "acceleration_mps2": 0.8000000000,
                "speed_mps": -4.8700000000,
                "width_m": 0.5000000000,
                "pos_x_m": 29.1946187940,
                "pos_y_m": -0.5605653181,
                "relative_speed_x_mps": -4.9124545848,
                "relative_speed_y_mps": -0.5000000000,
                "absolute_speed_x_mps": -4.8925936526,
                "absolute_speed_y_mps": 0.6036721498,
                "on_coming": false
            },
            {
                "id": 3,
                "status": 2,
                "lateral_rate_mps": -0.0000000000,
                "angle_deg": 4.9000000000,
                "range_m": 60.2000000000,
                "acceleration_mps2": 0.0000000000,
                "speed_mps": -7.2400000000,
                "width_m": 0.0000000000,
                "pos_x_m": 59.9799868307,
                "pos_y_m": -5.1420987729,
                "relative_speed_x_mps": -7.2665571140,
                "relative_speed_y_mps": -0.0000000000,
                "absolute_speed_x_mps": -7.0843716092,
                "absolute_speed_y_mps": 2.1944033982,
                "on_coming": false
            },
            {
                "id": 5,
                "status": 4,
                "lateral_rate_mps": -4.0000000000,
                "angle_deg": 18.5000000000,
                "range_m": 18.4000000000,
                "acceleration_mps2": -0.0500000000,
                "speed_mps": -0.1200000000,
                "width_m": 0.0000000000,
                "pos_x_m": 17.4491552558,
                "pos_y_m": -5.8384056779,
                "relative_speed_x_mps": -5.7852019429,
                "relative_speed_y_mps": -4.0000000000,
                "absolute_speed_x_mps": -5.5783461566,
                "absolute_speed_y_mps": -3.3124717823,
                "on_coming": false
            },
            {
                "id": 13,
                "status": 3,
                "lateral_rate_mps": -0.7500000000,
                "angle_deg": -2.8000000000,
                "range_m": 16.8000000000,
                "acceleration_mps2": 1.3000000000,
                "speed_mps": -0.3700000000,
                "width_m": 3.5000000000,
                "pos_x_m": 16.7799431073,
                "pos_y_m": 0.8206761326,
                "relative_speed_x_mps": -1.1361115455,
                "relative_speed_y_mps": -0.7500000000,
                "absolute_speed_x_mps": -1.1651882518,
                "absolute_speed_y_mps": -0.0861820918,
                "on_coming": false
            },
            {
                "id": 21,
                "status": 3,
                "lateral_rate_mps": -1.5000000000,
                "angle_deg": -19.0000000000,
                "range_m": 26.5000000000,
                "acceleration_mps2": 1.4500000000,
                "speed_mps": -6.8200000000,
                "width_m": 2.0000000000,
                "pos_x_m": 25.0562422534,
                "pos_y_m": 8.6275560931,
                "relative_speed_x_mps": -8.0152742265,
                "relative_speed_y_mps": -1.5000000000,
                "absolute_speed_x_mps": -8.3209501247,
                "absolute_speed_y_mps": -0.5429512917,
                "on_coming": false
            },
            {
                "id": 22,
                "status": 4,
                "lateral_rate_mps": -4.0000000000,
                "angle_deg": 5.9000000000,
                "range_m": 56.1000000000,
                "acceleration_mps2": 1.5500000000,
                "speed_mps": -7.2000000000,
                "width_m": 0.0000000000,
                "pos_x_m": 55.8028280403,
                "pos_y_m": -5.7666613138,
                "relative_speed_x_mps": -8.8645582769,
                "relative_speed_y_mps": -4.0000000000,
                "absolute_speed_x_mps": -8.6602444065,
                "absolute_speed_y_mps": -1.9535941056,
                "on_coming": false
            },
            {
                "id": 23,
                "status": 3,
                "lateral_rate_mps": -2.7500000000,
                "angle_deg": -15.7000000000,
                "range_m": 33.0000000000,
                "acceleration_mps2": 1.3000000000,
                "speed_mps": -6.9100000000,
                "width_m": 2.0000000000,
                "pos_x_m": 31.7688276321,
                "pos_y_m": 8.9298147172,
                "relative_speed_x_mps": -8.8509840233,
                "relative_speed_y_mps": -2.7500000000,
                "absolute_speed_x_mps": -9.1673690002,
                "absolute_speed_y_mps": -1.5551231579,
                "on_coming": false
            },
            {
                "id": 31,
                "status": 3,
                "lateral_rate_mps": -0.7500000000,
                "angle_deg": 14.4000000000,
                "range_m": 11.8000000000,
                "acceleration_mps2": 1.1500000000,
                "speed_mps": -1.9000000000,
                "width_m": 4.0000000000,
                "pos_x_m": 11.4292813013,
                "pos_y_m": -2.9345406685,
                "relative_speed_x_mps": -2.0626624582,
                "relative_speed_y_mps": -0.7500000000,
                "absolute_speed_x_mps": -1.9586911429,
                "absolute_speed_y_mps": -0.2757570231,
                "on_coming": false
            },
            {
                "id": 34,
                "status": 3,
                "lateral_rate_mps": -0.2500000000,
                "angle_deg": -22.1000000000,
                "range_m": 21.1000000000,
                "acceleration_mps2": 1.4000000000,
                "speed_mps": -6.8100000000,
                "width_m": 0.5000000000,
                "pos_x_m": 19.5497541114,
                "pos_y_m": 7.9383319522,
                "relative_speed_x_mps": -7.4599130148,
                "relative_speed_y_mps": -0.2500000000,
                "absolute_speed_x_mps": -7.7411695750,
                "absolute_speed_y_mps": 0.5119528213,
                "on_coming": false
            },
            {
                "id": 35,
                "status": 3,
                "lateral_rate_mps": -1.0000000000,
                "angle_deg": -32.9000000000,
                "range_m": 13.3000000000,
                "acceleration_mps2": 0.4500000000,
                "speed_mps": -6.3400000000,
                "width_m": 1.5000000000,
                "pos_x_m": 11.1669441983,
                "pos_y_m": 7.2242201843,
                "relative_speed_x_mps": -8.3190524579,
                "relative_speed_y_mps": -1.0000000000,
                "absolute_speed_x_mps": -8.5750079069,
                "absolute_speed_y_mps": -0.5350516749,
                "on_coming": false
            },
            {
                "id": 36,
                "status": 3,
                "lateral_rate_mps": -1.5000000000,
                "angle_deg": -7.4000000000,
                "range_m": 63.6000000000,
                "acceleration_mps2": 0.8000000000,
                "speed_mps": -2.8400000000,
                "width_m": 0.0000000000,
                "pos_x_m": 63.0702859276,
                "pos_y_m": 8.1913999423,
                "relative_speed_x_mps": -3.7222914031,
                "relative_speed_y_mps": -1.5000000000,
                "absolute_speed_x_mps": -4.0125142088,
                "absolute_speed_y_mps": 0.8038932633,