{
    "in_vehicle": {
        "wheel_speed_mps": 7.1540902778,
        "yaw_rate_dps": 1.6000000000,
        "acceleration_x_mps2": 0.5100000000,
        "acceleration_y_mps2": -0.2100000000,
        "turn_signal": 0,
        "steering_angle_deg": 11.7000000000,
        "gear": 3
    },
    "scc_radar": {
        "object_count": 23,
        "objects_info": [
            {
                "id": 0,
                "status": 3,
                "lateral_rate_mps": -2.5000000000,
                "angle_deg": -13.7000000000,
                "range_m": 35.6000000000,
                "acceleration_mps2": -0.0500000000,
                "speed_mps": -5.5400000000,
                "width_m": 0.0000000000,
                "pos_x_m": 34.5871486719,
                "pos_y_m": 8.4314379999,
                "relative_speed_x_mps": -7.2344420176,
                "relative_speed_y_mps": -2.5000000000,
                "absolute_speed_x_mps": -7.4698921836,
                "absolute_speed_y_mps": -1.4795227786,
                "on_coming": false
            },
            {
                "id": 2,
                "status": 3,
                "lateral_rate_mps": 1.0000000000,
                "angle_deg": 8.9000000000,
                "range_m": 48.3000000000,
                "acceleration_mps2": -0.0500000000,
                "speed_mps": -6.9700000000,
                "width_m": 0.0000000000,
                "pos_x_m": 47.7184615167,
                "pos_y_m": -7.4725116583,
                "relative_speed_x_mps": -7.3488968079,
                "relative_speed_y_mps": 1.0000000000,
                "absolute_speed_x_mps": -7.1402249170,
                "absolute_speed_y_mps": 2.3871726522,
                "on_coming": false
            },
            {
                "id": 3,
                "status": 4,
                "lateral_rate_mps": -1.2500000000,
                "angle_deg": -4.5000000000,
                "range_m": 34.9000000000,
                "acceleration_mps2": 0.1000000000,
                "speed_mps": 1.5800000000,
                "width_m": 0.0000000000,
                "pos_x_m": 34.7924149473,
                "pos_y_m": 2.7382224409,
                "relative_speed_x_mps": 2.3096986037,
                "relative_speed_y_mps": -1.2500000000,
                "absolute_speed_x_mps": 2.2332330081,
                "absolute_speed_y_mps": -0.2237906628,
                "on_coming": false
            },
            {
                "id": 4,
                "status": 3,
                "lateral_rate_mps": -2.5000000000,
                "angle_deg": 4.1000000000,
                "range_m": 65.1000000000,
                "acceleration_mps2": -0.0500000000,
                "speed_mps": -7.0500000000,
                "width_m": 1.5000000000,
                "pos_x_m": 64.9333949688,
                "pos_y_m": -4.6544836261,
                "relative_speed_x_mps": -7.7431749194,
                "relative_speed_y_mps": -2.5000000000,
                "absolute_speed_x_mps": -7.6131972166,
                "absolute_speed_y_mps": -0.6320957170,
                "on_coming": false
            },
            {
                "id": 7,
                "status": 3,
                "lateral_rate_mps": 0.5000000000,
                "angle_deg": 1.2000000000,
                "range_m": 46.2000000000,
                "acceleration_mps2": -0.7000000000,
                "speed_mps": 5.3400000000,
                "width_m": 0.0000000000,
                "pos_x_m": 46.1898675765,
                "pos_y_m": -0.9675397986,
                "relative_speed_x_mps": 5.3773915706,
                "relative_speed_y_mps": 0.5000000000,
                "absolute_speed_x_mps": 5.4044103788,
                "absolute_speed_y_mps": 1.8444862567,
                "on_coming": false
            },
            {
                "id": 9,
                "status": 3,
                "lateral_rate_mps": 0.7500000000,
                "angle_deg": -9.2000000000,
                "range_m": 105.6000000000,
                "acceleration_mps2": -0.1000000000,
                "speed_mps": 6.2000000000,
                "width_m": 0.0000000000,
                "pos_x_m": 104.2415895917,
                "pos_y_m": 16.8834534203,
                "relative_speed_x_mps": 6.4895327370,
                "relative_speed_y_mps": 0.7500000000,
                "absolute_speed_x_mps": 6.0180577750,
                "absolute_speed_y_mps": 3.7155961537,
                "on_coming": false
            },
            {
                "id": 11,
                "status": 4,
                "lateral_rate_mps": -2.2500000000,
                "angle_deg": -22.2000000000,
                "range_m": 33.7000000000,
                "acceleration_mps2": 0.0000000000,
                "speed_mps": -6.6300000000,
                "width_m": 0.0000000000,
                "pos_x_m": 31.2018387081,
                "pos_y_m": 12.7332345158,
                "relative_speed_x_mps": -8.6830767828,
                "relative_speed_y_mps": -2.2500000000,
                "absolute_speed_x_mps": -9.0386557695,
                "absolute_speed_y_mps": -1.3240584667,
                "on_coming": false
            },
            {
                "id": 13,
                "status": 3,
                "lateral_rate_mps": 0.2500000000,
                "angle_deg": -4.9000000000,
                "range_m": 11.7000000000,
                "acceleration_mps2": 0.5500000000,
                "speed_mps": 1.2200000000,
                "width_m": 0.0000000000,
                "pos_x_m": 11.6572399654,
                "pos_y_m": 0.9993780007,
                "relative_speed_x_mps": 1.2951007231,
                "relative_speed_y_mps": 0.2500000000,
                "absolute_speed_x_mps": 1.2671928245,
                "absolute_speed_y_mps": 0.6301533748,
                "on_coming": false
            },
            {
                "id": 15,
                "status": 3,
                "lateral_rate_mps": -0.5000000000,
                "angle_deg": 17.7000000000,
                "range_m": 9.7000000000,
                "acceleration_mps2": 1.2000000000,
                "speed_mps": 5.7300000000,
                "width_m": 3.0000000000,
                "pos_x_m": 9.2408163682,
                "pos_y_m": -2.9491206910,
                "relative_speed_x_mps": 6.2146572106,
                "relative_speed_y_mps": -0.5000000000,
                "absolute_speed_x_mps": 6.2970121964,
                "absolute_speed_y_mps": -0.1873259018,
                "on_coming": false
            },
            {
                "id": 24,
                "status": 7,
                "lateral_rate_mps": 0.2500000000,
                "angle_deg": -10.1000000000,
                "range_m": 144.8000000000,
                "acceleration_mps2": -0.0500000000,
                "speed_mps": -4.4800000000,
                "width_m": 0.0000000000,
                "pos_x_m": 142.5560604603,
                "pos_y_m": 25.3931019381,
                "relative_speed_x_mps": -4.5198359377,
                "relative_speed_y_mps": 0.2500000000,
                "absolute_speed_x_mps": -5.2289451155,
                "absolute_speed_y_mps": 4.2855380222,
                "on_coming": false
            },
            {
                "id": 26,
                "status": 7,
                "lateral_rate_mps": 0.7500000000,
                "angle_deg": 4.8000000000,
                "range_m": 62.2000000000,
                "acceleration_mps2": -0.0500000000,
                "speed_mps": -7.0600000000,
                "width_m": 3.0000000000,
                "pos_x_m": 61.9818558453,
                "pos_y_m": -5.2047618553,
                "relative_speed_x_mps": -7.2260935649,
                "relative_speed_y_mps": 0.7500000000,
                "absolute_speed_x_mps": -7.0807491951,
                "absolute_speed_y_mps": 2.5354817619,