{
    "in_vehicle": {
        "wheel_speed_mps": 10.0584687500,
        "yaw_rate_dps": 1.1000000000,
        "acceleration_x_mps2": 0.2500000000,
        "acceleration_y_mps2": -0.2600000000,
        "turn_signal": 0,
        "steering_angle_deg": 5.6000000000,
        "gear": 3
    },
    "scc_radar": {
        "object_count": 26,
        "objects_info": [
            {
                "id": 1,
                "status": 3,
                "lateral_rate_mps": 0.7500000000,
                "angle_deg": 21.1000000000,
                "range_m": 26.8000000000,
                "acceleration_mps2": 0.0000000000,
                "speed_mps": -9.3400000000,
                "width_m": 0.0000000000,
                "pos_x_m": 25.0031547333,
                "pos_y_m": -9.6479144576,
                "relative_speed_x_mps": -10.3550819919,
                "relative_speed_y_mps": 0.7500000000,
                "absolute_speed_x_mps": -10.1698553313,
                "absolute_speed_y_mps": 1.2675786150,
                "on_coming": false
            },
            {
                "id": 2,
                "status": 1,
                "lateral_rate_mps": -0.0000000000,
                "angle_deg": 25.3000000000,
                "range_m": 34.0000000000,
                "acceleration_mps2": 0.0000000000,
                "speed_mps": -9.0100000000,
                "width_m": 0.0000000000,
                "pos_x_m": 30.7388066885,
                "pos_y_m": -14.5301673552,
                "relative_speed_x_mps": -9.9659041128,
                "relative_speed_y_mps": -0.0000000000,
                "absolute_speed_x_mps": -9.6869449255,
                "absolute_speed_y_mps": 0.6276952275,
                "on_coming": false
            },
            {
                "id": 11,
                "status": 3,
                "lateral_rate_mps": -1.5000000000,
                "angle_deg": -12.7000000000,
                "range_m": 43.4000000000,
                "acceleration_mps2": -0.0500000000,
                "speed_mps": -9.8600000000,
                "width_m": 0.0000000000,
                "pos_x_m": 42.3381992073,
                "pos_y_m": 9.5413252689,
                "relative_speed_x_mps": -10.6585498412,
                "relative_speed_y_mps": -1.5000000000,
                "absolute_speed_x_mps": -10.8417301363,
                "absolute_speed_y_mps": -0.6496124227,
                "on_coming": false
            },
            {
                "id": 13,
                "status": 3,
                "lateral_rate_mps": -0.0000000000,
                "angle_deg": -4.0000000000,
                "range_m": 24.2000000000,
                "acceleration_mps2": 0.0000000000,
                "speed_mps": 1.4500000000,
                "width_m": 3.5000000000,
                "pos_x_m": 24.1410500163,
                "pos_y_m": 1.6881066646,
                "relative_speed_x_mps": 1.4535407522,
                "relative_speed_y_mps": -0.0000000000,
                "absolute_speed_x_mps": 1.4211314309,
                "absolute_speed_y_mps": 0.5010273926,
                "on_coming": false
            },
            {
                "id": 14,
                "status": 4,
                "lateral_rate_mps": -0.2500000000,
                "angle_deg": -7.9000000000,
                "range_m": 121.9000000000,
                "acceleration_mps2": -0.0500000000,
                "speed_mps": -9.9300000000,
                "width_m": 0.0000000000,
                "pos_x_m": 120.7431035688,
                "pos_y_m": 16.7544901619,
                "relative_speed_x_mps": -10.0660452730,
                "relative_speed_y_mps": -0.2500000000,
                "absolute_speed_x_mps": -10.3877083926,
                "absolute_speed_y_mps": 2.1056536812,
                "on_coming": false
            },
            {
                "id": 15,
                "status": 3,
                "lateral_rate_mps": -0.2500000000,
                "angle_deg": 1.9000000000,
                "range_m": 29.5000000000,
                "acceleration_mps2": -0.9500000000,
                "speed_mps": -3.1600000000,
                "width_m": 0.5000000000,
                "pos_x_m": 29.4837813703,
                "pos_y_m": -0.9780777625,
                "relative_speed_x_mps": -3.1732026185,
                "relative_speed_y_mps": -0.2500000000,
                "absolute_speed_x_mps": -3.1544248735,
                "absolute_speed_y_mps": 0.3536004711,
                "on_coming": false
            },
            {
                "id": 17,
                "status": 2,
                "lateral_rate_mps": -0.0000000000,
                "angle_deg": -11.7000000000,
                "range_m": 58.2000000000,
                "acceleration_mps2": -0.0500000000,
                "speed_mps": -9.8700000000,
                "width_m": 0.0000000000,
                "pos_x_m": 56.9907675782,
                "pos_y_m": 11.8022205897,
                "relative_speed_x_mps": -10.0794220610,
                "relative_speed_y_mps": -0.0000000000,
                "absolute_speed_x_mps": -10.3060084302,
                "absolute_speed_y_mps": 1.1316966954,
                "on_coming": false
            },
            {
                "id": 18,
                "status": 3,
                "lateral_rate_mps": -0.5000000000,
                "angle_deg": -20.6000000000,
                "range_m": 25.2000000000,
                "acceleration_mps2": 0.9500000000,
                "speed_mps": -6.0300000000,
                "width_m": 0.0000000000,
                "pos_x_m": 23.5887003006,
                "pos_y_m": 8.8664095398,
                "relative_speed_x_mps": -6.6674372849,
                "relative_speed_y_mps": -0.5000000000,
                "absolute_speed_x_mps": -6.8376601281,
                "absolute_speed_y_mps": -0.0095769607,
                "on_coming": false
            },
            {
                "id": 23,
                "status": 4,
                "lateral_rate_mps": 0.5000000000,
                "angle_deg": -0.7000000000,
                "range_m": 60.0000000000,
                "acceleration_mps2": 0.0000000000,
                "speed_mps": -7.4100000000,
                "width_m": 0.0000000000,
                "pos_x_m": 59.9955221796,
                "pos_y_m": 0.7330200501,
                "relative_speed_x_mps": -7.4381309727,
                "relative_speed_y_mps": 0.5000000000,
                "absolute_speed_x_mps": -7.4522039474,
                "absolute_speed_y_mps": 1.6893838425,
                "on_coming": false
            },
            {
                "id": 25,
                "status": 3,
                "lateral_rate_mps": 1.0000000000,
                "angle_deg": 16.0000000000,
                "range_m": 32.2000000000,
                "acceleration_mps2": 0.0000000000,
                "speed_mps": -9.5900000000,
                "width_m": 0.0000000000,
                "pos_x_m": 30.9526266092,
                "pos_y_m": -8.8755228573,
                "relative_speed_x_mps": -10.3601941434,
                "relative_speed_y_mps": 1.0000000000,
                "absolute_speed_x_mps": -10.1897963371,
                "absolute_speed_y_mps": 1.6318002753,
                "on_coming": false
            },
            {
                "id": 26,
                "status": 3,
                "lateral_rate_mps": 0.5000000000,
                "angle_deg": -6.3000000000,
                "range_m": 64.3000000000,
                "acceleration_mps2": 0.5000000000,
                "speed_mps": 0.2800000000,
                "width_m": 0.0000000000,
                "pos_x_m": 63.9116894358,
                "pos_y_m": 7.0559162032,
                "relative_speed_x_mps": 0.7832641757,
                "relative_speed_y_mps": 0.5000000000,
                "absolute_speed_x_mps": 0.6478003093,
                "absolute_speed_y_mps": 1.7645688565,