{
    "in_vehicle": {
        "wheel_speed_mps": 7.4623958333,
        "yaw_rate_dps": 0.7800000000,
        "acceleration_x_mps2": 0.7300000000,
        "acceleration_y_mps2": -0.4100000000,
        "turn_signal": 0,
        "steering_angle_deg": 5.3000000000,
        "gear": 3
    },
    "scc_radar": {
        "object_count": 22,
        "objects_info": [
            {
                "id": 0,
                "status": 3,
                "lateral_rate_mps": -1.7500000000,
                "angle_deg": -14.6000000000,
                "range_m": 33.2000000000,
                "acceleration_mps2": -0.1500000000,
                "speed_mps": -5.8000000000,
                "width_m": 0.0000000000,
                "pos_x_m": 32.1279444600,
                "pos_y_m": 8.3687026937,
                "relative_speed_x_mps": -6.9079277034,
                "relative_speed_y_mps": -1.7500000000,
                "absolute_speed_x_mps": -7.0218556080,
                "absolute_speed_y_mps": -1.2859958987,
                "on_coming": false
            },
            {
                "id": 2,
                "status": 4,
                "lateral_rate_mps": 1.0000000000,
                "angle_deg": 9.6000000000,
                "range_m": 44.8000000000,
                "acceleration_mps2": -0.0500000000,
                "speed_mps": -7.1200000000,
                "width_m": 0.0000000000,
                "pos_x_m": 44.1726224608,
                "pos_y_m": -7.4712398529,
                "relative_speed_x_mps": -7.5243583088,
                "relative_speed_y_mps": 1.0000000000,
                "absolute_speed_x_mps": -7.4226480757,
                "absolute_speed_y_mps": 1.6279751463,
                "on_coming": false
            },
            {
                "id": 3,
                "status": 3,
                "lateral_rate_mps": -0.5000000000,
                "angle_deg": -4.2000000000,
                "range_m": 35.3000000000,
                "acceleration_mps2": -0.0500000000,
                "speed_mps": 1.4200000000,
                "width_m": 0.0000000000,
                "pos_x_m": 35.2052010460,
                "pos_y_m": 2.5853083586,
                "relative_speed_x_mps": 1.5569402919,
                "relative_speed_y_mps": -0.5000000000,
                "absolute_speed_x_mps": 1.5217450203,
                "absolute_speed_y_mps": 0.0058965436,
                "on_coming": false
            },
            {
                "id": 4,
                "status": 3,
                "lateral_rate_mps": -2.5000000000,
                "angle_deg": 4.9000000000,
                "range_m": 61.7000000000,
                "acceleration_mps2": -0.0500000000,
                "speed_mps": -7.2900000000,
                "width_m": 1.5000000000,
                "pos_x_m": 61.4745047750,
                "pos_y_m": -5.2702241576,
                "relative_speed_x_mps": -7.9337442374,
                "relative_speed_y_mps": -2.5000000000,
                "absolute_speed_x_mps": -7.8619976816,
                "absolute_speed_y_mps": -1.6364844995,
                "on_coming": false
            },
            {
                "id": 7,
                "status": 3,
                "lateral_rate_mps": 0.2500000000,
                "angle_deg": 1.0000000000,
                "range_m": 48.8000000000,
                "acceleration_mps2": -0.7000000000,
                "speed_mps": 4.9000000000,
                "width_m": 0.0000000000,
                "pos_x_m": 48.7925675236,
                "pos_y_m": -0.8516774341,
                "relative_speed_x_mps": 4.9091305716,
                "relative_speed_y_mps": 0.2500000000,
                "absolute_speed_x_mps": 4.9207249404,
                "absolute_speed_y_mps": 0.9408690833,
                "on_coming": false
            },
            {
                "id": 9,
                "status": 3,
                "lateral_rate_mps": 0.2500000000,
                "angle_deg": -9.1000000000,
                "range_m": 108.5000000000,
                "acceleration_mps2": -1.2500000000,
                "speed_mps": 5.4200000000,
                "width_m": 0.0000000000,
                "pos_x_m": 107.1343980325,
                "pos_y_m": 17.1601502971,
                "relative_speed_x_mps": 5.5404224541,
                "relative_speed_y_mps": 0.2500000000,
                "absolute_speed_x_mps": 5.3068115783,
                "absolute_speed_y_mps": 1.7351095698,
                "on_coming": false
            },
            {
                "id": 12,
                "status": 4,
                "lateral_rate_mps": -1.2500000000,
                "angle_deg": 30.5000000000,
                "range_m": 20.5000000000,
                "acceleration_mps2": -0.3000000000,
                "speed_mps": -6.3100000000,
                "width_m": 0.0000000000,
                "pos_x_m": 17.6633977891,
                "pos_y_m": -10.4045364407,
                "relative_speed_x_mps": -6.8201145856,
                "relative_speed_y_mps": -1.2500000000,
                "absolute_speed_x_mps": -6.6784717196,
                "absolute_speed_y_mps": -0.9829099908,
                "on_coming": false
            },
            {
                "id": 13,
                "status": 3,
                "lateral_rate_mps": -0.2500000000,
                "angle_deg": -3.7000000000,
                "range_m": 12.2000000000,
                "acceleration_mps2": 0.4000000000,
                "speed_mps": 1.2900000000,
                "width_m": 2.5000000000,
                "pos_x_m": 12.1745705429,
                "pos_y_m": 0.7872941607,
                "relative_speed_x_mps": 1.3245840681,
                "relative_speed_y_mps": -0.2500000000,
                "absolute_speed_x_mps": 1.3138661853,
                "absolute_speed_y_mps": -0.0576325147,
                "on_coming": false
            },
            {
                "id": 15,
                "status": 3,
                "lateral_rate_mps": 0.2500000000,
                "angle_deg": 12.1000000000,
                "range_m": 12.7000000000,
                "acceleration_mps2": 1.4000000000,
                "speed_mps": 6.3600000000,
                "width_m": 1.5000000000,
                "pos_x_m": 12.4178471068,
                "pos_y_m": -2.6621557489,
                "relative_speed_x_mps": 6.4605950687,
                "relative_speed_y_mps": 0.2500000000,
                "absolute_speed_x_mps": 6.4968365075,
                "absolute_speed_y_mps": 0.4456793474,
                "on_coming": false
            },
            {
                "id": 19,
                "status": 3,
                "lateral_rate_mps": -0.5000000000,
                "angle_deg": 2.1000000000,
                "range_m": 97.7000000000,
                "acceleration_mps2": -0.1000000000,
                "speed_mps": -7.3700000000,
                "width_m": 0.0000000000,
                "pos_x_m": 97.6343840722,
                "pos_y_m": -3.5800903406,
                "relative_speed_x_mps": -7.3905237697,
                "relative_speed_y_mps": -0.5000000000,
                "absolute_speed_x_mps": -7.3417859658,
                "absolute_speed_y_mps": 0.8557804822,
                "on_coming": false
            },
            {
                "id": 21,
                "status": 4,
                "lateral_rate_mps": -2.2500000000,
                "angle_deg": -12.9000000000,
                "range_m": 57.1000000000,
                "acceleration_mps2": -0.0500000000,
                "speed_mps": -5.7700000000,
                "width_m": 0.0000000000,
                "pos_x_m": 55.6588641883,
                "pos_y_m": 12.7475816242,
                "relative_speed_x_mps": -7.1784808475,
                "relative_speed_y_mps": -2.2500000000,
                "absolute_speed_x_mps": -7.3520209189,
                "absolute_speed_y_mps": -1.4656561190,